
drop database if exists battlebuddies_db;


 use battlebuddies_db;



insert into users (is_admin, profile_id, password,  username, email) values (false ,1,'$2a$10$DRibzeKQLUtnTOF5nCnnMegxRg0Tu4hLrVLX0u1L9QCbFZkiGtSS.','test','lhaughton0@sphinn.com');
insert into users (is_admin, profile_id, password,  username, email) values (false ,2,'$2a$10$rTBhTpPpSy5Il7mQc4ev5OsOY0ZzrWAhyqkhQUP3rrM5Vrbc88JrK','b','jcorthes1@blogspot.com');
insert into users (is_admin, profile_id, password,  username, email) values (false ,3,'$2a$10$rTBhTpPpSy5Il7mQc4ev5OsOY0ZzrWAhyqkhQUP3rrM5Vrbc88JrK','c','amacgarvey2@vkontakte.ru');
insert into users (is_admin, profile_id, password,  username, email) values (false ,4,'$2a$10$rTBhTpPpSy5Il7mQc4ev5OsOY0ZzrWAhyqkhQUP3rrM5Vrbc88JrK','d','whullyer3@wp.com');
insert into users (is_admin, profile_id, password,  username, email) values (false ,5,'$2a$10$rTBhTpPpSy5Il7mQc4ev5OsOY0ZzrWAhyqkhQUP3rrM5Vrbc88JrK','e','kmaclucais4@cornell.edu');
insert into users (is_admin, profile_id, password,  username, email) values (true ,6,'$2a$10$rTBhTpPpSy5Il7mQc4ev5OsOY0ZzrWAhyqkhQUP3rrM5Vrbc88JrK','f','gbyway5@blogtalkradio.com');
insert into users (is_admin, profile_id, password,  username, email) values (false ,7,'$2a$10$rTBhTpPpSy5Il7mQc4ev5OsOY0ZzrWAhyqkhQUP3rrM5Vrbc88JrK','g','barney6@trellian.com');
insert into users (is_admin, profile_id, password,  username, email) values (false ,8,'$2a$10$rTBhTpPpSy5Il7mQc4ev5OsOY0ZzrWAhyqkhQUP3rrM5Vrbc88JrK','h','lbaurerich7@ezinearticles.com');
insert into users (is_admin, profile_id, password,  username, email) values (false ,9,'$2a$10$rTBhTpPpSy5Il7mQc4ev5OsOY0ZzrWAhyqkhQUP3rrM5Vrbc88JrK','i','bbamford8@naver.com');
insert into users (is_admin, profile_id, password,  username, email) values (false ,10,'$2a$10$rTBhTpPpSy5Il7mQc4ev5OsOY0ZzrWAhyqkhQUP3rrM5Vrbc88JrK','j','npavie9@multiply.com');
insert into users (is_admin, profile_id, password,  username, email) values (false ,11,'$2a$10$rTBhTpPpSy5Il7mQc4ev5OsOY0ZzrWAhyqkhQUP3rrM5Vrbc88JrK','k','tpulvera@cyberchimps.com');
insert into users (is_admin, profile_id, password,  username, email) values (false ,12,'$2a$10$rTBhTpPpSy5Il7mQc4ev5OsOY0ZzrWAhyqkhQUP3rrM5Vrbc88JrK','l','kjohnceyb@soup.io');
insert into users (is_admin, profile_id, password,  username, email) values (false ,13,'$2a$10$rTBhTpPpSy5Il7mQc4ev5OsOY0ZzrWAhyqkhQUP3rrM5Vrbc88JrK','m','mhallardc@hatena.ne.jp');
insert into users (is_admin, profile_id, password,  username, email) values (false ,14,'$2a$10$rTBhTpPpSy5Il7mQc4ev5OsOY0ZzrWAhyqkhQUP3rrM5Vrbc88JrK','n','gparrisd@over-blog.com');
insert into users (is_admin, profile_id, password,  username, email) values (false ,15,'$2a$10$rTBhTpPpSy5Il7mQc4ev5OsOY0ZzrWAhyqkhQUP3rrM5Vrbc88JrK','o','jkigelmane@yellowbook.com');
insert into users (is_admin, profile_id, password,  username, email) values (false ,16,'$2a$10$rTBhTpPpSy5Il7mQc4ev5OsOY0ZzrWAhyqkhQUP3rrM5Vrbc88JrK','p','bdmychf@europa.eu');
insert into users (is_admin, profile_id, password,  username, email) values (false ,17,'$2a$10$rTBhTpPpSy5Il7mQc4ev5OsOY0ZzrWAhyqkhQUP3rrM5Vrbc88JrK','q','mroloffg@paginegialle.it');
insert into users (is_admin, profile_id, password,  username, email) values (false ,18,'$2a$10$rTBhTpPpSy5Il7mQc4ev5OsOY0ZzrWAhyqkhQUP3rrM5Vrbc88JrK','r','sfilsonh@auda.org.au');
insert into users (is_admin, profile_id, password,  username, email) values (false ,19,'$2a$10$rTBhTpPpSy5Il7mQc4ev5OsOY0ZzrWAhyqkhQUP3rrM5Vrbc88JrK','s','fzanetelloi@jalbum.net');
insert into users (is_admin, profile_id, password,  username, email) values (false ,20,'$2a$10$rTBhTpPpSy5Il7mQc4ev5OsOY0ZzrWAhyqkhQUP3rrM5Vrbc88JrK','t','cmyrkusj@dagondesign.com');
insert into users (is_admin, profile_id, password,  username, email) values (false ,21,'$2a$10$rTBhTpPpSy5Il7mQc4ev5OsOY0ZzrWAhyqkhQUP3rrM5Vrbc88JrK','u','mvangiffenk@artisteer.com');
insert into users (is_admin, profile_id, password,  username, email) values (false ,22,'$2a$10$rTBhTpPpSy5Il7mQc4ev5OsOY0ZzrWAhyqkhQUP3rrM5Vrbc88JrK','v','ntollandl@marketwatch.com');
insert into users (is_admin, profile_id, password,  username, email) values (false ,23,'$2a$10$rTBhTpPpSy5Il7mQc4ev5OsOY0ZzrWAhyqkhQUP3rrM5Vrbc88JrK','w','edelacourm@ehow.com');
insert into users (is_admin, profile_id, password,  username, email) values (false ,24,'$2a$10$rTBhTpPpSy5Il7mQc4ev5OsOY0ZzrWAhyqkhQUP3rrM5Vrbc88JrK','x','bkilshalln@webnode.com');
insert into users (is_admin, profile_id, password,  username, email) values (false ,25,'$2a$10$rTBhTpPpSy5Il7mQc4ev5OsOY0ZzrWAhyqkhQUP3rrM5Vrbc88JrK','y','aemmersono@nytimes.com');
insert into users (is_admin, profile_id, password,  username, email) values (false ,26,'$2a$10$rTBhTpPpSy5Il7mQc4ev5OsOY0ZzrWAhyqkhQUP3rrM5Vrbc88JrK','z','lthurstanp@angelfire.com');
insert into users (is_admin, profile_id, password,  username, email) values (false ,27,'$2a$10$rTBhTpPpSy5Il7mQc4ev5OsOY0ZzrWAhyqkhQUP3rrM5Vrbc88JrK','aa','wagneauq@yale.edu');
insert into users (is_admin, profile_id, password,  username, email) values (false ,28,'$2a$10$rTBhTpPpSy5Il7mQc4ev5OsOY0ZzrWAhyqkhQUP3rrM5Vrbc88JrK','bb','jhillhouser@virginia.edu');
insert into users (is_admin, profile_id, password,  username, email) values (false ,29,'$2a$10$rTBhTpPpSy5Il7mQc4ev5OsOY0ZzrWAhyqkhQUP3rrM5Vrbc88JrK','cc','mdemes@fotki.com');
insert into users (is_admin, profile_id, password,  username, email) values (false ,30,'$2a$10$rTBhTpPpSy5Il7mQc4ev5OsOY0ZzrWAhyqkhQUP3rrM5Vrbc88JrK','dd','yparisot@com.com');
insert into users (is_admin, profile_id, password,  username, email) values (false ,31,'$2a$10$rTBhTpPpSy5Il7mQc4ev5OsOY0ZzrWAhyqkhQUP3rrM5Vrbc88JrK','ee','astubbinu@addthis.com');
insert into users (is_admin, profile_id, password,  username, email) values (false ,32,'$2a$10$rTBhTpPpSy5Il7mQc4ev5OsOY0ZzrWAhyqkhQUP3rrM5Vrbc88JrK','ff','geatev@trellian.com');
insert into users (is_admin, profile_id, password,  username, email) values (false ,33,'$2a$10$rTBhTpPpSy5Il7mQc4ev5OsOY0ZzrWAhyqkhQUP3rrM5Vrbc88JrK','gg','eeckertw@salon.com');
insert into users (is_admin, profile_id, password,  username, email) values (false ,34,'$2a$10$rTBhTpPpSy5Il7mQc4ev5OsOY0ZzrWAhyqkhQUP3rrM5Vrbc88JrK','hh','meakensx@meetup.com');
insert into users (is_admin, profile_id, password,  username, email) values (false ,35,'$2a$10$rTBhTpPpSy5Il7mQc4ev5OsOY0ZzrWAhyqkhQUP3rrM5Vrbc88JrK','ii','imardyy@miibeian.gov.cn');
insert into users (is_admin, profile_id, password,  username, email) values (false ,36,'$2a$10$rTBhTpPpSy5Il7mQc4ev5OsOY0ZzrWAhyqkhQUP3rrM5Vrbc88JrK','jj','kwandtkez@homestead.com');
insert into users (is_admin, profile_id, password,  username, email) values (false ,37,'$2a$10$rTBhTpPpSy5Il7mQc4ev5OsOY0ZzrWAhyqkhQUP3rrM5Vrbc88JrK','kk','aclimer10@linkedin.com');
insert into users (is_admin, profile_id, password,  username, email) values (false ,38,'$2a$10$rTBhTpPpSy5Il7mQc4ev5OsOY0ZzrWAhyqkhQUP3rrM5Vrbc88JrK','ll','rofogarty11@so-net.ne.jp');
insert into users (is_admin, profile_id, password,  username, email) values (false ,39,'$2a$10$rTBhTpPpSy5Il7mQc4ev5OsOY0ZzrWAhyqkhQUP3rrM5Vrbc88JrK','mm','jhaggarty12@google.fr');
insert into users (is_admin, profile_id, password,  username, email) values (false ,40,'$2a$10$rTBhTpPpSy5Il7mQc4ev5OsOY0ZzrWAhyqkhQUP3rrM5Vrbc88JrK','nn','esimenel13@taobao.com');
insert into users (is_admin, profile_id, password,  username, email) values (false ,41,'$2a$10$rTBhTpPpSy5Il7mQc4ev5OsOY0ZzrWAhyqkhQUP3rrM5Vrbc88JrK','oo','bganing14@sohu.com');
insert into users (is_admin, profile_id, password,  username, email) values (false ,42,'$2a$10$rTBhTpPpSy5Il7mQc4ev5OsOY0ZzrWAhyqkhQUP3rrM5Vrbc88JrK','pp','kbaskwell15@ifeng.com');
insert into users (is_admin, profile_id, password,  username, email) values (false ,43,'$2a$10$rTBhTpPpSy5Il7mQc4ev5OsOY0ZzrWAhyqkhQUP3rrM5Vrbc88JrK','qq','ngiotto16@nytimes.com');
insert into users (is_admin, profile_id, password,  username, email) values (false ,44,'$2a$10$rTBhTpPpSy5Il7mQc4ev5OsOY0ZzrWAhyqkhQUP3rrM5Vrbc88JrK','rr','kboutton17@pcworld.com');
insert into users (is_admin, profile_id, password,  username, email) values (false ,45,'$2a$10$rTBhTpPpSy5Il7mQc4ev5OsOY0ZzrWAhyqkhQUP3rrM5Vrbc88JrK','ss','jpeterkin18@fc2.com');
insert into users (is_admin, profile_id, password,  username, email) values (false ,46,'$2a$10$rTBhTpPpSy5Il7mQc4ev5OsOY0ZzrWAhyqkhQUP3rrM5Vrbc88JrK','tt','ggateshill19@yellowpages.com');
insert into users (is_admin, profile_id, password,  username, email) values (false ,47,'$2a$10$rTBhTpPpSy5Il7mQc4ev5OsOY0ZzrWAhyqkhQUP3rrM5Vrbc88JrK','uu','jrobinette1a@fotki.com');
insert into users (is_admin, profile_id, password,  username, email) values (false ,48,'$2a$10$rTBhTpPpSy5Il7mQc4ev5OsOY0ZzrWAhyqkhQUP3rrM5Vrbc88JrK','vv','cbarnewell1b@nps.gov');
insert into users (is_admin, profile_id, password,  username, email) values (false ,49,'$2a$10$rTBhTpPpSy5Il7mQc4ev5OsOY0ZzrWAhyqkhQUP3rrM5Vrbc88JrK','ww','fbowerbank1c@mysql.com');
insert into users (is_admin, profile_id, password,  username, email) values (false ,50,'$2a$10$rTBhTpPpSy5Il7mQc4ev5OsOY0ZzrWAhyqkhQUP3rrM5Vrbc88JrK','xx','bcavozzi1d@comsenz.com');








insert into profiles ( user_id, married, mil_spouse, branch_id,rank_id, gender, first_name, last_name, birth_date, bio) values (1,1,1,1,7,1,'Alex','Voisey','1995-03-14','Certified tv guru. Reader. Professional writer. Avid introvert. Extreme pop culture buff.');
insert into profiles ( user_id, married, mil_spouse, branch_id,rank_id, gender, first_name, last_name, birth_date, bio) values (2,1,1,1,7,1,'Brance','Stockall','1983-09-23','Award-winning beer lover. Devoted pop culture buff. Wannabe organizer. Explorer. Reader. Passionate web fanatic.');
insert into profiles ( user_id, married, mil_spouse, branch_id,rank_id, gender, first_name, last_name, birth_date, bio) values (3,1,1,1,7,1,'Kevin','Poluzzi','1997-09-12','Incurable bacon nerd. Hipster-friendly student. Professional music geek.');
insert into profiles ( user_id, married, mil_spouse, branch_id,rank_id, gender, first_name, last_name, birth_date, bio) values (4,0,0,1,7,1,'Mitchell','McGonigle','1981-08-07','Friend of animals everywhere. Incurable twitter fan. Passionate problem solver. Zombie expert.');
insert into profiles ( user_id, married, mil_spouse, branch_id,rank_id, gender, first_name, last_name, birth_date, bio) values (5,0,0,1,7,1,'Eddy','Breyt','1998-09-06','Beer nerd. Travel aficionado. Reader. General pop culture evangelist. Tv fanatic. Organizer.');
insert into profiles ( user_id, married, mil_spouse, branch_id,rank_id, gender, first_name, last_name, birth_date, bio) values (6,1,1,4,7,1,'Isaiah','Lower','1985-10-04','Tv aficionado. Introvert. Problem solver. Entrepreneur. Coffee buff. Communicator.');
insert into profiles ( user_id, married, mil_spouse, branch_id,rank_id, gender, first_name, last_name, birth_date, bio) values (7,0,0,1,7,1,'Yael','Swetman','1981-04-26','Certified beeraholic. Social media fan. Typical travel expert. Devoted bacon geek.');
insert into profiles ( user_id, married, mil_spouse, branch_id,rank_id, gender, first_name, last_name, birth_date, bio) values (8,0,0,1,7,1,'John','Hampshire','1985-07-12','Student. Avid bacon evangelist. Passionate zombie scholar. Certified beer junkie. Tv trailblazer. Extreme creator.');
insert into profiles ( user_id, married, mil_spouse, branch_id,rank_id, gender, first_name, last_name, birth_date, bio) values (9,1,1,1,7,1,'Luis','Antoniewicz','1983-01-14','Web junkie. Wannabe gamer. Food practitioner. Introvert. Travel maven. Award-winning thinker. Passionate zombie buff.');
insert into profiles ( user_id, married, mil_spouse, branch_id,rank_id, gender, first_name, last_name, birth_date, bio) values (10,1,1,1,7,0,'Beverly','Larcier','1988-08-17','Avid beer practitioner. Friend of animals everywhere. Entrepreneur. Lifelong coffee ninja.');
insert into profiles ( user_id, married, mil_spouse, branch_id,rank_id, gender, first_name, last_name, birth_date, bio) values (11,1,1,1,7,1,'Jason','Mabbot','1990-02-09','Subtly charming creator. Hardcore entrepreneur. Troublemaker. Amateur gamer. Freelance bacon nerd.');
insert into profiles ( user_id, married, mil_spouse, branch_id,rank_id, gender, first_name, last_name, birth_date, bio) values (12,0,0,1,7,0,'Danielle','Rabbatts','1995-11-03','Evil travel practitioner. Zombie fan. Food junkie. Analyst. Amateur tv expert. Coffee evangelist.');
insert into profiles ( user_id, married, mil_spouse, branch_id,rank_id, gender, first_name, last_name, birth_date, bio) values (13,1,1,1,7,1,'Jonathan','Keuning','1981-11-15','Infuriatingly humble creator. Bacon expert. Future teen idol. Typical zombie aficionado.');
insert into profiles ( user_id, married, mil_spouse, branch_id,rank_id, gender, first_name, last_name, birth_date, bio) values (14,0,0,1,7,1,'Matt','Gilphillan','1998-03-26','Beer scholar. Student. Tv advocate. Music evangelist. Typical coffee fanatic. Total webaholic.');
insert into profiles ( user_id, married, mil_spouse, branch_id,rank_id, gender, first_name, last_name, birth_date, bio) values (15,0,0,1,7,1,'Michael','Voden','1980-01-29','Typical social mediaholic. Passionate alcohol fanatic. Tv trailblazer. Infuriatingly humble travel specialist.');
insert into profiles ( user_id, married, mil_spouse, branch_id,rank_id, gender, first_name, last_name, birth_date, bio) values (16,0,0,1,3,0,'Annette','Crankshaw','1993-05-25','Friendly pop cultureaholic. Amateur beer trailblazer. Passionate problem solver. Explorer. Food scholar. Gamer.');
insert into profiles ( user_id, married, mil_spouse, branch_id,rank_id, gender, first_name, last_name, birth_date, bio) values (17,0,0,1,3,0,'Kyndall','Melloy','1980-10-18','Subtly charming explorer. Hardcore tv junkie. Unapologetic zombie buff. Prone to fits of apathy. Coffee specialist.');
insert into profiles ( user_id, married, mil_spouse, branch_id,rank_id, gender, first_name, last_name, birth_date, bio) values (18,0,0,1,3,1,'Ryan','Sesons','1997-06-23','Pop culture evangelist. Evil social media practitioner. Musicaholic. Incurable zombie geek. Unapologetic travel fanatic. Bacon advocate.');
insert into profiles ( user_id, married, mil_spouse, branch_id,rank_id, gender, first_name, last_name, birth_date, bio) values (19,0,0,1,3,1,'Mark','Bispham','1984-03-20','Friendly travel ninja. Devoted coffee maven. General social media specialist. Alcohol junkie. Future teen idol. Wannabe bacon guru.');
insert into profiles ( user_id, married, mil_spouse, branch_id,rank_id, gender, first_name, last_name, birth_date, bio) values (20,0,0,1,3,0,'Laura','Thorpe','1983-04-18','Friendly alcohol evangelist. Hardcore communicator. Pop culture trailblazer. Avid coffee expert.');
insert into profiles ( user_id, married, mil_spouse, branch_id,rank_id, gender, first_name, last_name, birth_date, bio) values (21,1,1,2,2,1,'Jerry','Elias','1986-05-24','Bacon buff. Passionate organizer. Analyst. Amateur thinker. Incurable introvert. Avid food evangelist. General creator.');
insert into profiles ( user_id, married, mil_spouse, branch_id,rank_id, gender, first_name, last_name, birth_date, bio) values (22,1,1,2,2,1,'Septh','Humfrey','1998-03-29','Passionate bacon maven. Communicator. Lifelong coffee evangelist. Thinker. Total writer. Gamer.');
insert into profiles ( user_id, married, mil_spouse, branch_id,rank_id, gender, first_name, last_name, birth_date, bio) values (23,1,1,2,2,1,'Richard','Hamon','1995-01-18','Award-winning web maven. Incurable pop culture geek. Extreme food evangelist. Tv specialist. Beer trailblazer.');
insert into profiles ( user_id, married, mil_spouse, branch_id,rank_id, gender, first_name, last_name, birth_date, bio) values (24,0,0,2,2,0,'Gale','Filer','1993-11-22','Zombie nerd. Internet scholar. Passionate food trailblazer. Pop culture practitioner. Infuriatingly humble alcohol ninja. Thinker.');
insert into profiles ( user_id, married, mil_spouse, branch_id,rank_id, gender, first_name, last_name, birth_date, bio) values (25,1,1,2,2,0,'Rebecca','Feria','1993-01-21','Professional gamer. Analyst. Internet expert. Food lover. Incurable bacon practitioner. Web geek.');
insert into profiles ( user_id, married, mil_spouse, branch_id,rank_id, gender, first_name, last_name, birth_date, bio) values (26,1,1,2,1,0,'Brianna','Lattimore','1992-06-22','Passionate web enthusiast. Infuriatingly humble internet trailblazer. Unapologetic music fan. Award-winning introvert. Bacon advocate. Extreme entrepreneur.');
insert into profiles ( user_id, married, mil_spouse, branch_id,rank_id, gender, first_name, last_name, birth_date, bio) values (27,1,1,2,1,0,'Benita','Bewicke','1996-04-19','Zombie fan. Lifelong beer ninja. Freelance food maven. Explorer. Total web evangelist. Reader.');
insert into profiles ( user_id, married, mil_spouse, branch_id,rank_id, gender, first_name, last_name, birth_date, bio) values (28,0,0,2,1,1,'Jordan','Isley','1986-10-03','Subtly charming pop culture fanatic. Communicator. Beer scholar. Hardcore introvert.');
insert into profiles ( user_id, married, mil_spouse, branch_id,rank_id, gender, first_name, last_name, birth_date, bio) values (29,0,0,2,1,0,'Jenny','Tooher','2001-04-02','Certified explorer. Subtly charming tv evangelist. Coffee aficionado. Infuriatingly humble twitter scholar.');
insert into profiles ( user_id, married, mil_spouse, branch_id,rank_id, gender, first_name, last_name, birth_date, bio) values (30,1,1,2,1,1,'Forrest','Pomfrett','2001-08-16','Twitter trailblazer. Food enthusiast. Incurable bacon maven. Social media advocate.');
insert into profiles ( user_id, married, mil_spouse, branch_id,rank_id, gender, first_name, last_name, birth_date, bio) values (31,1,1,3,1,1,'Elzhi','Cretney','1997-05-17','Certified student. Communicator. Pop culture aficionado. Professional writer. Twitter evangelist. Devoted analyst.');
insert into profiles ( user_id, married, mil_spouse, branch_id,rank_id, gender, first_name, last_name, birth_date, bio) values (32,1,1,3,1,1,'Ellis','Bunning','1987-01-13','Music fan. Passionate problem solver. Avid analyst. Devoted reader. Beer fanatic.');
insert into profiles ( user_id, married, mil_spouse, branch_id,rank_id, gender, first_name, last_name, birth_date, bio) values (33,1,1,3,6,1,'Lavon','Poley','1996-10-25','Reader. Web enthusiast. Award-winning thinker. General explorer. Subtly charming entrepreneur.');
insert into profiles ( user_id, married, mil_spouse, branch_id,rank_id, gender, first_name, last_name, birth_date, bio) values (34,0,0,3,6,0,'Jada','Libermore','1997-02-10','General coffee enthusiast. Infuriatingly humble troublemaker. Wannabe tv fanatic. Freelance music geek. Future teen idol.');
insert into profiles ( user_id, married, mil_spouse, branch_id,rank_id, gender, first_name, last_name, birth_date, bio) values (35,1,1,3,6,1,'Reshoun','Lembke','1997-09-17','Introvert. Entrepreneur. Analyst. Twitter fanatic. Evil student. Certified web maven.');
insert into profiles ( user_id, married, mil_spouse, branch_id,rank_id, gender, first_name, last_name, birth_date, bio) values (36,0,0,3,6,1,'Leon','Peggrem','1998-06-26','Explorer. Internet ninja. Typical web buff. Music nerd. Avid travel practitioner. Beer trailblazer. Award-winning communicator.');
insert into profiles ( user_id, married, mil_spouse, branch_id,rank_id, gender, first_name, last_name, birth_date, bio) values (37,0,0,3,6,0,'Rachell','Ferrotti','1993-04-13','Thinker. Alcohol specialist. Pop culture ninja. Coffee advocate. Incurable gamer.');
insert into profiles ( user_id, married, mil_spouse, branch_id,rank_id, gender, first_name, last_name, birth_date, bio) values (38,0,0,3,6,1,'Martin','Maylam','1985-10-28','Twitter aficionado. Analyst. Subtly charming beer scholar. Falls down a lot.');
insert into profiles ( user_id, married, mil_spouse, branch_id,rank_id, gender, first_name, last_name, birth_date, bio) values (39,1,1,3,6,0,'Jackie','BoHlingolsen','1999-10-08','Zombie buff. Devoted food practitioner. Creator. Beer fanatic. Web guru. Music expert.');
insert into profiles ( user_id, married, mil_spouse, branch_id,rank_id, gender, first_name, last_name, birth_date, bio) values (40,1,1,3,4,1,'David','Hoofe','1992-07-19','Wannabe coffee aficionado. Evil explorer. Friendly social media geek.');
insert into profiles ( user_id, married, mil_spouse, branch_id,rank_id, gender, first_name, last_name, birth_date, bio) values (41,0,0,4,4,0,'Sophie','Stedson','1998-07-26','Devoted coffee fanatic. Lifelong writer. Foodaholic. Incurable beer geek. Hipster-friendly tv practitioner. Unapologetic web aficionado. Thinker.');
insert into profiles ( user_id, married, mil_spouse, branch_id,rank_id, gender, first_name, last_name, birth_date, bio) values (42,0,0,4,7,1,'Justin','Morrish','1998-10-07','Freelance internet fan. Travelaholic. Music geek. General bacon lover. Amateur tv maven.');
insert into profiles ( user_id, married, mil_spouse, branch_id,rank_id, gender, first_name, last_name, birth_date, bio) values (43,1,1,4,8,1,'Trant','Lissandri','1986-01-14','Wannabe internet evangelist. Evil beer buff. Hardcore coffee junkie. Professional organizer. Devoted music enthusiast. Communicator.');
insert into profiles ( user_id, married, mil_spouse, branch_id,rank_id, gender, first_name, last_name, birth_date, bio) values (44,1,1,4,8,1,'Salas','Verden','1994-04-13','Creator. Lifelong travel aficionado. Extreme explorer. General twitter guru.');
insert into profiles ( user_id, married, mil_spouse, branch_id,rank_id, gender, first_name, last_name, birth_date, bio) values (45,0,0,4,8,1,'Christian','Peers','1998-01-20','Tv fanatic. Amateur food maven. Devoted webaholic. Travel lover. Entrepreneur. Evil writer. Beer guru.');
insert into profiles ( user_id, married, mil_spouse, branch_id,rank_id, gender, first_name, last_name, birth_date, bio) values (46,0,0,4,3,0,'Vivian','Ungerecht','1982-04-01','Entrepreneur. Organizer. Proud twitter trailblazer. Freelance student. Lifelong gamer. Devoted tv nerd. Travel expert. Alcohol fanatic.');
insert into profiles ( user_id, married, mil_spouse, branch_id,rank_id, gender, first_name, last_name, birth_date, bio) values (47,0,0,4,3,0,'Reese','Myner','1997-07-11','Total beer enthusiast. General gamer. Creator. Friendly food buff. Infuriatingly humble analyst. Web scholar.');
insert into profiles ( user_id, married, mil_spouse, branch_id,rank_id, gender, first_name, last_name, birth_date, bio) values (48,0,0,5,3,0,'Amber','Espley','1990-09-25','Extreme entrepreneur. Beeraholic. Food guru. Social media enthusiast. Award-winning alcohol fan.');
insert into profiles ( user_id, married, mil_spouse, branch_id,rank_id, gender, first_name, last_name, birth_date, bio) values (49,0,0,5,7,0,'Julia','Gaspar','1997-02-15','Communicator. Pop culture trailblazer. Freelance entrepreneur. Internetaholic. Unapologetic explorer. Alcohol buff.');
insert into profiles ( user_id, married, mil_spouse, branch_id,rank_id, gender, first_name, last_name, birth_date, bio) values (50,1,1,5,7,1,'Stev','Creyke','1987-12-1','Coffee maven. Friendly travel scholar. Friend of animals everywhere. Zombie enthusiast');
# drop table children if exits;
use battlebuddies_db;
insert into children  (child) values ('No Children');
insert into children  (child) values ('0-5');
insert into children  (child) values ('6-9');
insert into children  (child) values ('10-14');
insert into children  (child) values ('15-16');
insert into children  (child) values ('17-18');

insert into profile_child(profile_id, child_id) values(1,2);
insert into profile_child(profile_id, child_id) values(2,2);
insert into profile_child(profile_id, child_id) values(3,2);
insert into profile_child(profile_id, child_id) values(4,2);
insert into profile_child(profile_id, child_id) values(5,2);
insert into profile_child(profile_id, child_id) values(6,2);
insert into profile_child(profile_id, child_id) values(7,2);
insert into profile_child(profile_id, child_id) values(8,2);
insert into profile_child(profile_id, child_id) values(9,2);
insert into profile_child(profile_id, child_id) values(10,2);
insert into profile_child(profile_id, child_id) values(11,2);
insert into profile_child(profile_id, child_id) values(12,2);
insert into profile_child(profile_id, child_id) values(13,2);
insert into profile_child(profile_id, child_id) values(14,2);
insert into profile_child(profile_id, child_id) values(15,2);
insert into profile_child(profile_id, child_id) values(16,2);
insert into profile_child(profile_id, child_id) values(17,2);
insert into profile_child(profile_id, child_id) values(18,2);
insert into profile_child(profile_id, child_id) values(19,2);
insert into profile_child(profile_id, child_id) values(20,2);
insert into profile_child(profile_id, child_id) values(21,1);
insert into profile_child(profile_id, child_id) values(22,1);
insert into profile_child(profile_id, child_id) values(23,1);
insert into profile_child(profile_id, child_id) values(24,1);
insert into profile_child(profile_id, child_id) values(25,1);
insert into profile_child(profile_id, child_id) values(26,1);
insert into profile_child(profile_id, child_id) values(27,1);
insert into profile_child(profile_id, child_id) values(28,3);
insert into profile_child(profile_id, child_id) values(29,3);
insert into profile_child(profile_id, child_id) values(30,3);
insert into profile_child(profile_id, child_id) values(31,3);
insert into profile_child(profile_id, child_id) values(32,3);
insert into profile_child(profile_id, child_id) values(33,3);
insert into profile_child(profile_id, child_id) values(34,3);
insert into profile_child(profile_id, child_id) values(35,4);
insert into profile_child(profile_id, child_id) values(36,4);
insert into profile_child(profile_id, child_id) values(37,4);
insert into profile_child(profile_id, child_id) values(38,4);
insert into profile_child(profile_id, child_id) values(39,4);
insert into profile_child(profile_id, child_id) values(40,3);
insert into profile_child(profile_id, child_id) values(41,3);
insert into profile_child(profile_id, child_id) values(42,3);
insert into profile_child(profile_id, child_id) values(43,3);
insert into profile_child(profile_id, child_id) values(44,3);
insert into profile_child(profile_id, child_id) values(45,3);
insert into profile_child(profile_id, child_id) values(46,3);
insert into profile_child(profile_id, child_id) values(47,2);
insert into profile_child(profile_id, child_id) values(48,2);
insert into profile_child(profile_id, child_id) values(49,2);
insert into profile_child(profile_id, child_id) values(50,2);



insert into hobbies (hobby) values ( 'Gardening');
insert into hobbies (hobby) values ( 'Cooking');
insert into hobbies (hobby) values ( 'Learning');
insert into hobbies (hobby) values ( 'Exercising');
insert into hobbies (hobby) values ( 'Writing');
insert into hobbies (hobby) values ( 'Dance');
insert into hobbies (hobby) values ( 'Photography');
insert into hobbies (hobby) values ( 'Hiking');
insert into hobbies (hobby) values ( 'Drawing/Painting');
insert into hobbies (hobby) values ( 'Hunting');
insert into hobbies (hobby) values ( 'Sewing');
insert into hobbies (hobby) values ( 'Sports');
insert into hobbies (hobby) values ( 'Extreme Sports');
insert into hobbies (hobby) values ( 'Programming');
insert into hobbies (hobby) values ( 'Biking');
insert into hobbies (hobby) values ( 'Camping');
insert into hobbies (hobby) values ( 'Crafting');
insert into hobbies (hobby) values ( 'Pottery');
insert into hobbies (hobby) values ( 'Exercise');
insert into hobbies (hobby) values ( 'Traveling');
insert into hobbies (hobby) values ( 'Video Games');
insert into hobbies (hobby) values ( 'Volunteer Work');

insert into traits (trait) values ( 'Giving');
insert into traits (trait) values ( 'Clever');
insert into traits (trait) values ( 'Ambitious');
insert into traits (trait) values ( 'Honest');
insert into traits (trait) values ( 'Easygoing');
insert into traits (trait) values ( 'Quiet');
insert into traits (trait) values ( 'Insightful');
insert into traits (trait) values ( 'Devoted');
insert into traits (trait) values ( 'Confident');
insert into traits (trait) values ( 'Adventurous');
insert into traits (trait) values ( 'Focused');
insert into traits (trait) values ( 'Friendly');
insert into traits (trait) values ( 'Open minded');
insert into traits (trait) values ( 'Dependable');
insert into traits (trait) values ( 'Generous');
insert into traits (trait) values ( 'Wise');
insert into traits (trait) values ( 'Strong');
insert into traits (trait) values ( 'Loyal');
insert into traits (trait) values ( 'Hard Working');
insert into traits (trait) values ( 'Creative');




#
#
#
insert into hobby_profile (profile_id,hobby_id) values ( 1, 1);
insert into hobby_profile (profile_id,hobby_id) values ( 2, 2);
insert into hobby_profile (profile_id,hobby_id) values ( 3, 3);
insert into hobby_profile (profile_id,hobby_id) values ( 4, 4);
insert into hobby_profile (profile_id,hobby_id) values ( 5, 5);
insert into hobby_profile (profile_id,hobby_id) values ( 6, 6);
insert into hobby_profile (profile_id,hobby_id) values ( 7, 7);
insert into hobby_profile (profile_id,hobby_id) values ( 8, 8);
insert into hobby_profile (profile_id,hobby_id) values ( 9, 9);
insert into hobby_profile (profile_id,hobby_id) values ( 10, 10);
insert into hobby_profile (profile_id,hobby_id) values ( 11, 1);
insert into hobby_profile (profile_id,hobby_id) values ( 12, 2);
insert into hobby_profile (profile_id,hobby_id) values ( 13, 3);
insert into hobby_profile (profile_id,hobby_id) values ( 14, 4);
insert into hobby_profile (profile_id,hobby_id) values ( 15, 5);
insert into hobby_profile (profile_id,hobby_id) values ( 16, 6);
insert into hobby_profile (profile_id,hobby_id) values ( 17, 7);
insert into hobby_profile (profile_id,hobby_id) values ( 18, 8);
insert into hobby_profile (profile_id,hobby_id) values ( 19, 9);
insert into hobby_profile (profile_id,hobby_id) values ( 20, 10);
insert into hobby_profile (profile_id,hobby_id) values ( 21, 1);
insert into hobby_profile (profile_id,hobby_id) values ( 22, 2);
insert into hobby_profile (profile_id,hobby_id) values ( 23, 3);
insert into hobby_profile (profile_id,hobby_id) values ( 24, 4);
insert into hobby_profile (profile_id,hobby_id) values ( 25, 5);
insert into hobby_profile (profile_id,hobby_id) values ( 26, 6);
insert into hobby_profile (profile_id,hobby_id) values ( 27, 7);
insert into hobby_profile (profile_id,hobby_id) values ( 28, 8);
insert into hobby_profile (profile_id,hobby_id) values ( 29, 9);
insert into hobby_profile (profile_id,hobby_id) values ( 30, 10);
insert into hobby_profile (profile_id,hobby_id) values ( 31, 1);
insert into hobby_profile (profile_id,hobby_id) values ( 32, 2);
insert into hobby_profile (profile_id,hobby_id) values ( 33, 3);
insert into hobby_profile (profile_id,hobby_id) values ( 34, 4);
insert into hobby_profile (profile_id,hobby_id) values ( 35, 5);
insert into hobby_profile (profile_id,hobby_id) values ( 36, 6);
insert into hobby_profile (profile_id,hobby_id) values ( 37, 7);
insert into hobby_profile (profile_id,hobby_id) values ( 38, 8);
insert into hobby_profile (profile_id,hobby_id) values ( 39, 9);
insert into hobby_profile (profile_id,hobby_id) values ( 40, 10);
insert into hobby_profile (profile_id,hobby_id) values ( 41, 1);
insert into hobby_profile (profile_id,hobby_id) values ( 42, 2);
insert into hobby_profile (profile_id,hobby_id) values ( 43, 3);
insert into hobby_profile (profile_id,hobby_id) values ( 44, 4);
insert into hobby_profile (profile_id,hobby_id) values ( 45, 5);
insert into hobby_profile (profile_id,hobby_id) values ( 46, 6);
insert into hobby_profile (profile_id,hobby_id) values ( 47, 7);
insert into hobby_profile (profile_id,hobby_id) values ( 48, 8);
insert into hobby_profile (profile_id,hobby_id) values ( 49, 9);
insert into hobby_profile (profile_id,hobby_id) values ( 50, 10);


#                                    ,
#
#
insert into profile_trait (profile_id, trait_id) values (1, 1);
insert into profile_trait (profile_id, trait_id) values (2, 2);
insert into profile_trait (profile_id, trait_id) values (3, 3);
insert into profile_trait (profile_id, trait_id) values (4, 4);
insert into profile_trait (profile_id, trait_id) values (5, 5);
insert into profile_trait (profile_id, trait_id) values (6, 6);
insert into profile_trait (profile_id, trait_id) values (7, 7);
insert into profile_trait (profile_id, trait_id) values (8, 8);
insert into profile_trait (profile_id, trait_id) values (9, 9);
insert into profile_trait (profile_id, trait_id) values (10, 10);
insert into profile_trait (profile_id, trait_id) values (11, 1);
insert into profile_trait (profile_id, trait_id) values (12, 2);
insert into profile_trait (profile_id, trait_id) values (13, 3);
insert into profile_trait (profile_id, trait_id) values (14, 4);
insert into profile_trait (profile_id, trait_id) values (15, 5);
insert into profile_trait (profile_id, trait_id) values (16, 6);
insert into profile_trait (profile_id, trait_id) values (17, 7);
insert into profile_trait (profile_id, trait_id) values (18, 8);
insert into profile_trait (profile_id, trait_id) values (19, 9);
insert into profile_trait (profile_id, trait_id) values (20, 10);
insert into profile_trait (profile_id, trait_id) values (21, 1);
insert into profile_trait (profile_id, trait_id) values (22, 2);
insert into profile_trait (profile_id, trait_id) values (23, 3);
insert into profile_trait (profile_id, trait_id) values (24, 4);
insert into profile_trait (profile_id, trait_id) values (25, 5);
insert into profile_trait (profile_id, trait_id) values (26, 6);
insert into profile_trait (profile_id, trait_id) values (27, 7);
insert into profile_trait (profile_id, trait_id) values (28, 8);
insert into profile_trait (profile_id, trait_id) values (29, 9);
insert into profile_trait (profile_id, trait_id) values (30, 10);
insert into profile_trait (profile_id, trait_id) values (31, 1);
insert into profile_trait (profile_id, trait_id) values (32, 2);
insert into profile_trait (profile_id, trait_id) values (33, 3);
insert into profile_trait (profile_id, trait_id) values (34, 4);
insert into profile_trait (profile_id, trait_id) values (35, 5);
insert into profile_trait (profile_id, trait_id) values (36, 6);
insert into profile_trait (profile_id, trait_id) values (37, 7);
insert into profile_trait (profile_id, trait_id) values (38, 8);
insert into profile_trait (profile_id, trait_id) values (39, 9);
insert into profile_trait (profile_id, trait_id) values (40, 10);
insert into profile_trait (profile_id, trait_id) values (41, 1);
insert into profile_trait (profile_id, trait_id) values (42, 2);
insert into profile_trait (profile_id, trait_id) values (43, 3);
insert into profile_trait (profile_id, trait_id) values (44, 4);
insert into profile_trait (profile_id, trait_id) values (45, 5);
insert into profile_trait (profile_id, trait_id) values (46, 6);
insert into profile_trait (profile_id, trait_id) values (47, 7);
insert into profile_trait (profile_id, trait_id) values (48, 8);
insert into profile_trait (profile_id, trait_id) values (49, 9);
insert into profile_trait (profile_id, trait_id) values (50, 10);











insert into locations (location) values ('Salt Lake City, Utah United States');
insert into locations (location) values ('Fayetteville, North Carolina');
insert into locations (location) values ('San Antonio, Texas United States');
insert into locations (location) values ('Belgium, Germany');
insert into locations (location) values ('Miami, Florida United States');
insert into locations (location) values ('Honolulu, Hawaii United States');
insert into locations (location) values ('Miswa, Japan');


insert into location_profile (profile_id, location_id) values (1, 2);
insert into location_profile (profile_id, location_id) values (2, 2);
insert into location_profile (profile_id, location_id) values (3, 2);
insert into location_profile (profile_id, location_id) values (4, 2);
insert into location_profile (profile_id, location_id) values (5, 2);
insert into location_profile (profile_id, location_id) values (6, 2);
insert into location_profile (profile_id, location_id) values (7, 2);
insert into location_profile (profile_id, location_id) values (8, 2);
insert into location_profile (profile_id, location_id) values (9, 2);
insert into location_profile (profile_id, location_id) values (10, 2);
insert into location_profile (profile_id, location_id) values (11, 2);
insert into location_profile (profile_id, location_id) values (12, 2);
insert into location_profile (profile_id, location_id) values (13, 2);
insert into location_profile (profile_id, location_id) values (14, 2);
insert into location_profile (profile_id, location_id) values (15, 2);
insert into location_profile (profile_id, location_id) values (16, 2);
insert into location_profile (profile_id, location_id) values (17, 2);
insert into location_profile (profile_id, location_id) values (18, 2);
insert into location_profile (profile_id, location_id) values (19, 2);
insert into location_profile (profile_id, location_id) values (20, 2);
insert into location_profile (profile_id, location_id) values (21, 3);
insert into location_profile (profile_id, location_id) values (22, 3);
insert into location_profile (profile_id, location_id) values (23, 3);
insert into location_profile (profile_id, location_id) values (24, 3);
insert into location_profile (profile_id, location_id) values (25, 3);
insert into location_profile (profile_id, location_id) values (26, 3);
insert into location_profile (profile_id, location_id) values (27, 3);
insert into location_profile (profile_id, location_id) values (28, 3);
insert into location_profile (profile_id, location_id) values (29, 3);
insert into location_profile (profile_id, location_id) values (30, 3);
insert into location_profile (profile_id, location_id) values (31, 3);
insert into location_profile (profile_id, location_id) values (32, 1);
insert into location_profile (profile_id, location_id) values (33, 1);
insert into location_profile (profile_id, location_id) values (34, 1);
insert into location_profile (profile_id, location_id) values (35, 1);
insert into location_profile (profile_id, location_id) values (36, 1);
insert into location_profile (profile_id, location_id) values (37, 1);
insert into location_profile (profile_id, location_id) values (38, 1);
insert into location_profile (profile_id, location_id) values (39, 1);
insert into location_profile (profile_id, location_id) values (40, 5);
insert into location_profile (profile_id, location_id) values (41, 5);
insert into location_profile (profile_id, location_id) values (42, 5);
insert into location_profile (profile_id, location_id) values (43, 5);
insert into location_profile (profile_id, location_id) values (44, 5);
insert into location_profile (profile_id, location_id) values (45, 5);
insert into location_profile (profile_id, location_id) values (46, 5);
insert into location_profile (profile_id, location_id) values (47, 5);
insert into location_profile (profile_id, location_id) values (48, 5);
insert into location_profile (profile_id, location_id) values (49, 5);
insert into location_profile (profile_id, location_id) values (50, 5);



                   drop table if exists branches;

use battlebuddies_db;
insert into branches (branch) values('Army');
insert into branches (branch) values('Navy');
insert into branches (branch) values('Marine Corps');
insert into branches (branch) values('Air Force');
insert into branches (branch) values('Coast Guard');


Insert into ranks (rank) values('E1');
Insert into ranks (rank) values('E2');
Insert into ranks (rank) values('E3');
Insert into ranks (rank) values('E4');
Insert into ranks (rank) values('E5');
Insert into ranks (rank) values('E6');
Insert into ranks (rank) values('E7');
Insert into ranks (rank) values('E8');
Insert into ranks (rank) values('E9');
Insert into ranks (rank) values('O1');
Insert into ranks (rank) values('O2');
Insert into ranks (rank) values('O3');
Insert into ranks (rank) values('O4');
Insert into ranks (rank) values('O5');
Insert into ranks (rank) values('O6');
Insert into ranks (rank) values('O7');
Insert into ranks (rank) values('O8');
Insert into ranks (rank) values('O9');
Insert into ranks (rank) values('O10');







