
drop database if exists battlebuddies_db;

use battlebuddies_db;
insert into users (id, username, email, password, is_admin) values (1, 'agirardot0', 'cwhitloe0@kickstarter.com', 'KiZq4AiLe', false);
insert into users (id, username, email, password, is_admin) values (2, 'jcouronne1', 'veye1@printfriendly.com', 'PLPNVV9', true);
insert into users (id, username, email, password, is_admin) values (3, 'bselman2', 'crudiger2@vk.com', 'mKQIOTEE8oCo', false);
insert into users (id, username, email, password, is_admin) values (4, 'ealves3', 'mpellatt3@themeforest.net', 'VGeLHUjrJIEP', true);
insert into users (id, username, email, password, is_admin) values (5, 'vdunbar4', 'oharrowsmith4@marriott.com', 'QIVyQ2EzUs9', false);
insert into users (id, username, email, password, is_admin) values (6, 'dgirardi5', 'areignard5@xing.com', 'Vrey6zDLhrEF', false);
insert into users (id, username, email, password, is_admin) values (7, 'ofrye6', 'susher6@state.gov', 'QFCDaY1t', true);
insert into users (id, username, email, password, is_admin) values (8, 'naspinall7', 'emartyn7@free.fr', '1xDPpcjVQm', true);
insert into users (id, username, email, password, is_admin) values (9, 'cogers8', 'druoss8@netscape.com', 'doZ9fF', false);
insert into users (id, username, email, password, is_admin) values (10, 'mghelardoni9', 'koylett9@cnbc.com', 'ARgSUtzJ', false);
insert into users (id, username, email, password, is_admin) values (11, 'athornthwaitea', 'kduckita@smugmug.com', 'n0m1HeVRk', true);
insert into users (id, username, email, password, is_admin) values (12, 'gwakerb', 'jdulakeb@domainmarket.com', 'zLCor1mFEq', true);
insert into users (id, username, email, password, is_admin) values (13, 'pkivlinc', 'hmutlowc@weebly.com', 'KEWtfDFx5kX', true);
insert into users (id, username, email, password, is_admin) values (14, 'mbroschekd', 'ngrigolashvilld@hhs.gov', 'hpwfdvauf', true);
insert into users (id, username, email, password, is_admin) values (15, 'gwernhere', 'nchaldecotte@nps.gov', 'dHDONWSz7dxJ', false);
insert into users (id, username, email, password, is_admin) values (16, 'mwalbyf', 'mrowanf@sakura.ne.jp', 'kSxqsrXf', true);
insert into users (id, username, email, password, is_admin) values (17, 'rofarrisg', 'cwhordleyg@shareasale.com', '3XkfQ3g', true);
insert into users (id, username, email, password, is_admin) values (18, 'mapplinh', 'fteeseh@biglobe.ne.jp', 'No7jZjp', false);
insert into users (id, username, email, password, is_admin) values (19, 'jdarguei', 'qpirronei@google.com.hk', 'Lxo45IFtaJPx', false);
insert into users (id, username, email, password, is_admin) values (20, 'tbouldsj', 'hbalfourj@plala.or.jp', 'eaSBxibEnRk', false);
insert into users (id, username, email, password, is_admin) values (21, 'lstoodersk', 'roheagertiek@cornell.edu', 'i8pq3cw8DF', true);
insert into users (id, username, email, password, is_admin) values (22, 'ddoretl', 'eviolletl@purevolume.com', '7artELi4cit', true);
insert into users (id, username, email, password, is_admin) values (23, 'abrookm', 'hgrimestonem@wordpress.org', 'UTmykPNiKN8', true);
insert into users (id, username, email, password, is_admin) values (24, 'tshaklen', 'habramovitzn@squarespace.com', 'Iys5gJ0', true);
insert into users (id, username, email, password, is_admin) values (25, 'mhatto', 'jstlouiso@purevolume.com', 'L4wl6Ft6', true);
insert into users (id, username, email, password, is_admin) values (26, 'rsearsp', 'hjantzenp@sourceforge.net', '5rf7AUpaU', true);
insert into users (id, username, email, password, is_admin) values (27, 'mgallerq', 'mmoodeyq@imdb.com', 'SvM5mxJeJzo', true);
insert into users (id, username, email, password, is_admin) values (28, 'amorotr', 'whampsteadr@bizjournals.com', 'WpG26nfeabQT', false);
insert into users (id, username, email, password, is_admin) values (29, 'bbeckitts', 'dspreckleys@elegantthemes.com', 'H2DaAZ', false);
insert into users (id, username, email, password, is_admin) values (30, 'balesbrookt', 'sdigglest@goo.ne.jp', 'a1CYhbhi', false);
insert into users (id, username, email, password, is_admin) values (31, 'mwainu', 'rmillisu@nasa.gov', 'DqDeqjOYT', true);
insert into users (id, username, email, password, is_admin) values (32, 'akleehuhlerv', 'mformanv@4shared.com', 'vyjofpaVuL', true);
insert into users (id, username, email, password, is_admin) values (33, 'bameerbegw', 'iestickw@acquirethisname.com', 'b6iAscuHtc', true);
insert into users (id, username, email, password, is_admin) values (34, 'cgallihawkx', 'bapplewhitex@mit.edu', 'Lgkoe4A67', true);
insert into users (id, username, email, password, is_admin) values (35, 'hdjordjevicy', 'imatuszinskiy@imageshack.us', 'MC8tKRl', false);
insert into users (id, username, email, password, is_admin) values (36, 'hskeemerz', 'fropertz@mlb.com', 'Od1kYXwxguB', true);
insert into users (id, username, email, password, is_admin) values (37, 'kcantillion10', 'sshrubshall10@bluehost.com', 'ShKrQqN', false);
insert into users (id, username, email, password, is_admin) values (38, 'fkerrigan11', 'aelger11@desdev.cn', 'Zpu4PLPrj', false);
insert into users (id, username, email, password, is_admin) values (39, 'ngoodricke12', 'dludron12@last.fm', 'pulWcmW3', false);
insert into users (id, username, email, password, is_admin) values (40, 'amatuszyk13', 'nshemelt13@alibaba.com', 'Fb87ON', false);
insert into users (id, username, email, password, is_admin) values (41, 'clytell14', 'ofairbank14@disqus.com', 'Hhdxub3wwd6', false);
insert into users (id, username, email, password, is_admin) values (42, 'fitscowics15', 'cpenhall15@tinypic.com', 'phlPVobMQeHB', false);
insert into users (id, username, email, password, is_admin) values (43, 'cabramowsky16', 'aprantoni16@usnews.com', 'I2BjSJlf8eY7', false);
insert into users (id, username, email, password, is_admin) values (44, 'rbullon17', 'lpiwell17@instagram.com', '1fSPJnhYl0uW', true);
insert into users (id, username, email, password, is_admin) values (45, 'myanov18', 'dbakewell18@upenn.edu', 'DAXEZyQLMJvt', false);
insert into users (id, username, email, password, is_admin) values (46, 'ahaddrill19', 'mflintoff19@deliciousdays.com', 'l61JHKulx', false);
insert into users (id, username, email, password, is_admin) values (47, 'dimason1a', 'pmatelaitis1a@freewebs.com', '2XJMxqMO7sSl', true);
insert into users (id, username, email, password, is_admin) values (48, 'emuro1b', 'amorch1b@google.com.br', 'MVAPAyHEM', true);
insert into users (id, username, email, password, is_admin) values (49, 'kchesswas1c', 'pmacfall1c@oakley.com', '3MJ9it7AV4W', true);
insert into users (id, username, email, password, is_admin) values (50, 'afletcher1d', 'rcovey1d@friendfeed.com', 'elS3qCa2', false);
insert into users (id, username, email, password, is_admin) values (51, 'rnewart1e', 'gaugustine1e@biglobe.ne.jp', 'PaqeppoB', false);
insert into users (id, username, email, password, is_admin) values (52, 'cwaliszewski1f', 'bquilkin1f@booking.com', 'wdgL9TyC', true);
insert into users (id, username, email, password, is_admin) values (53, 'umcelrath1g', 'kleathe1g@acquirethisname.com', 'u22Z0a', false);
insert into users (id, username, email, password, is_admin) values (54, 'lcarter1h', 'zhaslen1h@dailymail.co.uk', '5SlZEtik', true);
insert into users (id, username, email, password, is_admin) values (55, 'ahaughton1i', 'emcgourty1i@blogs.com', 'yiemzmB5Nxa', true);
insert into users (id, username, email, password, is_admin) values (56, 'eknighton1j', 'tcollelton1j@ocn.ne.jp', 't5nIE0NllT', false);
insert into users (id, username, email, password, is_admin) values (57, 'vtantrum1k', 'rtreske1k@usa.gov', 'sCb5HLljGxEk', true);
insert into users (id, username, email, password, is_admin) values (58, 'iskerrett1l', 'epigne1l@elpais.com', 'uZsX1xvH', false);
insert into users (id, username, email, password, is_admin) values (59, 'rsivewright1m', 'igrimmer1m@mail.ru', 'XEfKWEJQQdN', false);
insert into users (id, username, email, password, is_admin) values (60, 'lklimschak1n', 'barmytage1n@seesaa.net', 'h3bXcQi', false);
insert into users (id, username, email, password, is_admin) values (61, 'fcomber1o', 'amaple1o@nih.gov', 'y3HPGahaEb2', false);
insert into users (id, username, email, password, is_admin) values (62, 'esmowton1p', 'hmccoole1p@exblog.jp', 'DHC5B867l', false);
insert into users (id, username, email, password, is_admin) values (63, 'ghampton1q', 'lellerbeck1q@amazonaws.com', '1fTF1a2ENkNv', false);
insert into users (id, username, email, password, is_admin) values (64, 'criguard1r', 'ktreweela1r@dot.gov', 'L89Jjap6', false);
insert into users (id, username, email, password, is_admin) values (65, 'dbartley1s', 'bgethouse1s@wufoo.com', 'b1kkO5', true);
insert into users (id, username, email, password, is_admin) values (66, 'jharesign1t', 'hfrostdicke1t@cam.ac.uk', '4loFFb', false);
insert into users (id, username, email, password, is_admin) values (67, 'wlyle1u', 'pslack1u@apple.com', 'oS1dsY60zqD', false);
insert into users (id, username, email, password, is_admin) values (68, 'koliphard1v', 'bogus1v@printfriendly.com', 'ldYHzb', false);
insert into users (id, username, email, password, is_admin) values (69, 'sfindley1w', 'ljennaway1w@telegraph.co.uk', 'oViUZ7i', false);
insert into users (id, username, email, password, is_admin) values (70, 'fhuske1x', 'jambrosi1x@zdnet.com', 'hAiUAGR83cMH', true);
insert into users (id, username, email, password, is_admin) values (71, 'xdanby1y', 'rmanus1y@yahoo.com', 'eg6fZD2jT6nc', false);
insert into users (id, username, email, password, is_admin) values (72, 'yhugill1z', 'mlesmonde1z@livejournal.com', 'qynwJcX', false);
insert into users (id, username, email, password, is_admin) values (73, 'lkener20', 'kstorror20@last.fm', 'nSQkOfEDp', true);
insert into users (id, username, email, password, is_admin) values (74, 'adrake21', 'cwhines21@weibo.com', '9nTKCfQnZnl', false);
insert into users (id, username, email, password, is_admin) values (75, 'rgartshore22', 'tkaley22@hubpages.com', '9Sjw03j', true);
insert into users (id, username, email, password, is_admin) values (76, 'hragg23', 'trobardet23@stumbleupon.com', '68T4VasFSY', true);
insert into users (id, username, email, password, is_admin) values (77, 'sfishbourn24', 'mohearn24@house.gov', 'v9fSrdhXWpH', true);
insert into users (id, username, email, password, is_admin) values (78, 'fmillichip25', 'ghoofe25@tinyurl.com', 'JxUl9ZVI11', true);
insert into users (id, username, email, password, is_admin) values (79, 'lmangon26', 'lwroath26@aol.com', 'jImCbZGkY', false);
insert into users (id, username, email, password, is_admin) values (80, 'ghunnaball27', 'ahadcock27@storify.com', '7VF3DjcX', true);
insert into users (id, username, email, password, is_admin) values (81, 'cnellen28', 'tvere28@discuz.net', 'AKLFxPlQi', false);
insert into users (id, username, email, password, is_admin) values (82, 'hdye29', 'nrawle29@businessinsider.com', 'LOCmlaEM9hfp', false);
insert into users (id, username, email, password, is_admin) values (83, 'pduckhouse2a', 'jleile2a@cyberchimps.com', 'XU8XzbFti', true);
insert into users (id, username, email, password, is_admin) values (84, 'mhughs2b', 'bmanterfield2b@sfgate.com', 'xaDJpD9vt', true);
insert into users (id, username, email, password, is_admin) values (85, 'chellsdon2c', 'gpendreigh2c@skyrock.com', 'JMnG8F', true);
insert into users (id, username, email, password, is_admin) values (86, 'bminor2d', 'gmessom2d@bizjournals.com', '99mTPC2RNK', false);
insert into users (id, username, email, password, is_admin) values (87, 'rhynson2e', 'causiello2e@unesco.org', 'jq8WB6jDdZ', true);
insert into users (id, username, email, password, is_admin) values (88, 'hjakeman2f', 'ihartil2f@barnesandnoble.com', 'N0Wuj6yjn', true);
insert into users (id, username, email, password, is_admin) values (89, 'jwatchorn2g', 'anuss2g@webmd.com', 'VudnxatsQ', true);
insert into users (id, username, email, password, is_admin) values (90, 'lbusch2h', 'abellringer2h@smugmug.com', 'pPiVBUu3s', true);
insert into users (id, username, email, password, is_admin) values (91, 'rsrawley2i', 'cshuker2i@wordpress.org', 'hkYifW7', true);
insert into users (id, username, email, password, is_admin) values (92, 'mnewlove2j', 'fthurborn2j@google.co.uk', '4DxIPOt3KX1', true);
insert into users (id, username, email, password, is_admin) values (93, 'hoveral2k', 'msneesbie2k@dot.gov', 'rDbApX', true);
insert into users (id, username, email, password, is_admin) values (94, 'usteptow2l', 'mbuie2l@hatena.ne.jp', 'QmtM4hBc', false);
insert into users (id, username, email, password, is_admin) values (95, 'schaplyn2m', 'dbrambell2m@msn.com', 'noKuzKU3wgYX', true);
insert into users (id, username, email, password, is_admin) values (96, 'acharlson2n', 'fdavidovics2n@jugem.jp', 'Mo4IDg50', false);
insert into users (id, username, email, password, is_admin) values (97, 'jskeffington2o', 'ahowsan2o@trellian.com', 'MxkVcnCx', false);
insert into users (id, username, email, password, is_admin) values (98, 'mfencott2p', 'edugall2p@dion.ne.jp', '9Irfg3SrMVo', true);
insert into users (id, username, email, password, is_admin) values (99, 'thalstead2q', 'oplanke2q@barnesandnoble.com', 'aGt1Fj', false);
insert into users (id, username, email, password, is_admin) values (100, 'mmonsey2r', 'mfalconertaylor2r@howstuffworks.com', 'lw7CgKhutJ3', false);

use battlebuddies_db;
insert into profiles (id, gender, first_name, last_name, birth_date, bio, branch, mil_rank, married, mil_spouse, user_id) values (1, 'Male', 'Gayla', 'Hedgecock', '1993-06-14', 'Pellentesque at nulla. Suspendisse potenti. Cras in purus eu magna vulputate luctus.', 'Army', 'O6', true, true, 1);
insert into profiles (id, gender, first_name, last_name, birth_date, bio, branch, mil_rank, married, mil_spouse, user_id) values (2, 'Female', 'Olympie', 'Jurries', '1989-02-25', 'Curabitur at ipsum ac tellus semper interdum. Mauris ullamcorper purus sit amet nulla. Quisque arcu libero, rutrum ac, lobortis vel, dapibus at, diam.', 'Air force', 'O9', false, false, 2);
insert into profiles (id, gender, first_name, last_name, birth_date, bio, branch, mil_rank, married, mil_spouse, user_id) values (3, 'Female', 'Obadias', 'Goby', '1993-04-28', 'Maecenas leo odio, condimentum id, luctus nec, molestie sed, justo. Pellentesque viverra pede ac diam. Cras pellentesque volutpat dui.', 'Navy', 'E6', false, false, 3);
insert into profiles (id, gender, first_name, last_name, birth_date, bio, branch, mil_rank, married, mil_spouse, user_id) values (4, 'Male', 'Goldarina', 'Perrinchief', '1992-03-07', 'Cum sociis natoque penatibus et magnis dis parturient montes, nascetur ridiculus mus. Vivamus vestibulum sagittis sapien. Cum sociis natoque penatibus et magnis dis parturient montes, nascetur ridiculus mus.', 'Marine Corps', 'E9', false, false, 4);
insert into profiles (id, gender, first_name, last_name, birth_date, bio, branch, mil_rank, married, mil_spouse, user_id) values (5, 'Female', 'Hans', 'Clay', '2001-03-01', 'Nullam porttitor lacus at turpis. Donec posuere metus vitae ipsum. Aliquam non mauris.', 'Navy', 'E8', false, true, 5);
insert into profiles (id, gender, first_name, last_name, birth_date, bio, branch, mil_rank, married, mil_spouse, user_id) values (6, 'Female', 'Garold', 'Spark', '2002-01-28', 'Morbi non lectus. Aliquam sit amet diam in magna bibendum imperdiet. Nullam orci pede, venenatis non, sodales sed, tincidunt eu, felis.', 'Coast Guard', 'E2', false, false, 6);
insert into profiles (id, gender, first_name, last_name, birth_date, bio, branch, mil_rank, married, mil_spouse, user_id) values (7, 'Female', 'Darb', 'Boncore', '1987-02-12', 'Vestibulum quam sapien, varius ut, blandit non, interdum in, ante. Vestibulum ante ipsum primis in faucibus orci luctus et ultrices posuere cubilia Curae; Duis faucibus accumsan odio. Curabitur convallis.', 'Coast Guard', 'E3', false, false, 7);
insert into profiles (id, gender, first_name, last_name, birth_date, bio, branch, mil_rank, married, mil_spouse, user_id) values (8, 'Male', 'Eugen', 'Thomazet', '1990-09-07', 'Nullam porttitor lacus at turpis. Donec posuere metus vitae ipsum. Aliquam non mauris.', 'Coast Guard', 'E6', true, false, 8);
insert into profiles (id, gender, first_name, last_name, birth_date, bio, branch, mil_rank, married, mil_spouse, user_id) values (9, 'Female', 'Zsazsa', 'Haslen', '1985-08-28', 'Etiam vel augue. Vestibulum rutrum rutrum neque. Aenean auctor gravida sem.', 'Navy', 'E5', true, true, 9);
insert into profiles (id, gender, first_name, last_name, birth_date, bio, branch, mil_rank, married, mil_spouse, user_id) values (10, 'Female', 'Calvin', 'Muggach', '1990-07-29', 'Curabitur at ipsum ac tellus semper interdum. Mauris ullamcorper purus sit amet nulla. Quisque arcu libero, rutrum ac, lobortis vel, dapibus at, diam.', 'Navy', 'O10', false, true, 10);
insert into profiles (id, gender, first_name, last_name, birth_date, bio, branch, mil_rank, married, mil_spouse, user_id) values (11, 'Female', 'Ricard', 'Bull', '1994-05-15', 'Pellentesque at nulla. Suspendisse potenti. Cras in purus eu magna vulputate luctus.', 'Army', 'E9', true, false, 11);
insert into profiles (id, gender, first_name, last_name, birth_date, bio, branch, mil_rank, married, mil_spouse, user_id) values (12, 'Male', 'Danice', 'Royston', '1998-12-06', 'Nam ultrices, libero non mattis pulvinar, nulla pede ullamcorper augue, a suscipit nulla elit ac nulla. Sed vel enim sit amet nunc viverra dapibus. Nulla suscipit ligula in lacus.', 'Navy', 'E1', false, true, 12);
insert into profiles (id, gender, first_name, last_name, birth_date, bio, branch, mil_rank, married, mil_spouse, user_id) values (13, 'Male', 'Gregorius', 'Oventon', '1990-01-16', 'Sed ante. Vivamus tortor. Duis mattis egestas metus.', 'Air force', 'E5', true, false, 13);
insert into profiles (id, gender, first_name, last_name, birth_date, bio, branch, mil_rank, married, mil_spouse, user_id) values (14, 'Female', 'Dory', 'Edgeller', '2001-08-28', 'Aenean lectus. Pellentesque eget nunc. Donec quis orci eget orci vehicula condimentum.', 'Army', 'O1', false, true, 14);
insert into profiles (id, gender, first_name, last_name, birth_date, bio, branch, mil_rank, married, mil_spouse, user_id) values (15, 'Female', 'Aura', 'Safont', '2000-09-22', 'Quisque porta volutpat erat. Quisque erat eros, viverra eget, congue eget, semper rutrum, nulla. Nunc purus.', 'Navy', 'O2', true, true, 15);
insert into profiles (id, gender, first_name, last_name, birth_date, bio, branch, mil_rank, married, mil_spouse, user_id) values (16, 'Female', 'Nona', 'Ruffey', '1993-02-26', 'Nulla ut erat id mauris vulputate elementum. Nullam varius. Nulla facilisi.', 'Marine Corps', 'O1', false, false, 16);
insert into profiles (id, gender, first_name, last_name, birth_date, bio, branch, mil_rank, married, mil_spouse, user_id) values (17, 'Male', 'Jena', 'Maymond', '2000-09-10', 'Maecenas tristique, est et tempus semper, est quam pharetra magna, ac consequat metus sapien ut nunc. Vestibulum ante ipsum primis in faucibus orci luctus et ultrices posuere cubilia Curae; Mauris viverra diam vitae quam. Suspendisse potenti.', 'Air force', 'O3', true, false, 17);
insert into profiles (id, gender, first_name, last_name, birth_date, bio, branch, mil_rank, married, mil_spouse, user_id) values (18, 'Male', 'Arni', 'Flexman', '1996-04-13', 'Fusce posuere felis sed lacus. Morbi sem mauris, laoreet ut, rhoncus aliquet, pulvinar sed, nisl. Nunc rhoncus dui vel sem.', 'Marine Corps', 'E9', true, false, 18);
insert into profiles (id, gender, first_name, last_name, birth_date, bio, branch, mil_rank, married, mil_spouse, user_id) values (19, 'Male', 'Urbain', 'Hardes', '1985-06-15', 'Maecenas tristique, est et tempus semper, est quam pharetra magna, ac consequat metus sapien ut nunc. Vestibulum ante ipsum primis in faucibus orci luctus et ultrices posuere cubilia Curae; Mauris viverra diam vitae quam. Suspendisse potenti.', 'Army', 'O3', true, true, 19);
insert into profiles (id, gender, first_name, last_name, birth_date, bio, branch, mil_rank, married, mil_spouse, user_id) values (20, 'Male', 'Garth', 'Yeldham', '1996-03-14', 'Morbi non lectus. Aliquam sit amet diam in magna bibendum imperdiet. Nullam orci pede, venenatis non, sodales sed, tincidunt eu, felis.', 'Coast Guard', 'O6', false, true, 20);
insert into profiles (id, gender, first_name, last_name, birth_date, bio, branch, mil_rank, married, mil_spouse, user_id) values (21, 'Male', 'Felicdad', 'Livzey', '1994-01-23', 'Aenean lectus. Pellentesque eget nunc. Donec quis orci eget orci vehicula condimentum.', 'Marine Corps', 'E9', false, true, 21);
insert into profiles (id, gender, first_name, last_name, birth_date, bio, branch, mil_rank, married, mil_spouse, user_id) values (22, 'Female', 'Sandy', 'Bosche', '1991-04-08', 'Pellentesque at nulla. Suspendisse potenti. Cras in purus eu magna vulputate luctus.', 'Coast Guard', 'E7', false, true, 22);
insert into profiles (id, gender, first_name, last_name, birth_date, bio, branch, mil_rank, married, mil_spouse, user_id) values (23, 'Male', 'Guillemette', 'Gollin', '1988-08-24', 'Phasellus sit amet erat. Nulla tempus. Vivamus in felis eu sapien cursus vestibulum.', 'Air force', 'E7', false, true, 23);
insert into profiles (id, gender, first_name, last_name, birth_date, bio, branch, mil_rank, married, mil_spouse, user_id) values (24, 'Male', 'Rolf', 'Jeaneau', '1995-08-30', 'Proin leo odio, porttitor id, consequat in, consequat ut, nulla. Sed accumsan felis. Ut at dolor quis odio consequat varius.', 'Marine Corps', 'E4', true, true, 24);
insert into profiles (id, gender, first_name, last_name, birth_date, bio, branch, mil_rank, married, mil_spouse, user_id) values (25, 'Female', 'Harriette', 'Noton', '1992-11-14', 'Lorem ipsum dolor sit amet, consectetuer adipiscing elit. Proin risus. Praesent lectus.', 'Coast Guard', 'E4', false, true, 25);
insert into profiles (id, gender, first_name, last_name, birth_date, bio, branch, mil_rank, married, mil_spouse, user_id) values (26, 'Male', 'Rickie', 'Jacklin', '1983-08-29', 'In quis justo. Maecenas rhoncus aliquam lacus. Morbi quis tortor id nulla ultrices aliquet.', 'Navy', 'E1', false, false, 26);
insert into profiles (id, gender, first_name, last_name, birth_date, bio, branch, mil_rank, married, mil_spouse, user_id) values (27, 'Male', 'Neddie', 'Coady', '1988-02-29', 'Aliquam quis turpis eget elit sodales scelerisque. Mauris sit amet eros. Suspendisse accumsan tortor quis turpis.', 'Navy', 'O8', false, true, 27);
insert into profiles (id, gender, first_name, last_name, birth_date, bio, branch, mil_rank, married, mil_spouse, user_id) values (28, 'Male', 'Chester', 'Minster', '1989-08-28', 'Quisque id justo sit amet sapien dignissim vestibulum. Vestibulum ante ipsum primis in faucibus orci luctus et ultrices posuere cubilia Curae; Nulla dapibus dolor vel est. Donec odio justo, sollicitudin ut, suscipit a, feugiat et, eros.', 'Army', 'E3', true, true, 28);
insert into profiles (id, gender, first_name, last_name, birth_date, bio, branch, mil_rank, married, mil_spouse, user_id) values (29, 'Female', 'Yuri', 'Snelgar', '1986-06-29', 'Integer tincidunt ante vel ipsum. Praesent blandit lacinia erat. Vestibulum sed magna at nunc commodo placerat.', 'Coast Guard', 'O7', false, false, 29);
insert into profiles (id, gender, first_name, last_name, birth_date, bio, branch, mil_rank, married, mil_spouse, user_id) values (30, 'Female', 'Pippo', 'Egan', '1988-03-19', 'Vestibulum quam sapien, varius ut, blandit non, interdum in, ante. Vestibulum ante ipsum primis in faucibus orci luctus et ultrices posuere cubilia Curae; Duis faucibus accumsan odio. Curabitur convallis.', 'Air force', 'E8', false, false, 30);
insert into profiles (id, gender, first_name, last_name, birth_date, bio, branch, mil_rank, married, mil_spouse, user_id) values (31, 'Female', 'Gweneth', 'Blasing', '1991-02-19', 'Proin interdum mauris non ligula pellentesque ultrices. Phasellus id sapien in sapien iaculis congue. Vivamus metus arcu, adipiscing molestie, hendrerit at, vulputate vitae, nisl.', 'Marine Corps', 'E9', true, true, 31);
insert into profiles (id, gender, first_name, last_name, birth_date, bio, branch, mil_rank, married, mil_spouse, user_id) values (32, 'Female', 'Annalee', 'Muslim', '1994-08-13', 'Maecenas leo odio, condimentum id, luctus nec, molestie sed, justo. Pellentesque viverra pede ac diam. Cras pellentesque volutpat dui.', 'Army', 'E9', false, false, 32);
insert into profiles (id, gender, first_name, last_name, birth_date, bio, branch, mil_rank, married, mil_spouse, user_id) values (33, 'Male', 'Domenic', 'Pranger', '1988-12-10', 'Nullam porttitor lacus at turpis. Donec posuere metus vitae ipsum. Aliquam non mauris.', 'Army', 'E7', true, true, 33);
insert into profiles (id, gender, first_name, last_name, birth_date, bio, branch, mil_rank, married, mil_spouse, user_id) values (34, 'Female', 'Karole', 'Morhall', '1986-08-24', 'Nulla ut erat id mauris vulputate elementum. Nullam varius. Nulla facilisi.', 'Marine Corps', 'E6', true, true, 34);
insert into profiles (id, gender, first_name, last_name, birth_date, bio, branch, mil_rank, married, mil_spouse, user_id) values (35, 'Female', 'Jamima', 'Kays', '1994-02-26', 'Quisque porta volutpat erat. Quisque erat eros, viverra eget, congue eget, semper rutrum, nulla. Nunc purus.', 'Coast Guard', 'O4', false, true, 35);
insert into profiles (id, gender, first_name, last_name, birth_date, bio, branch, mil_rank, married, mil_spouse, user_id) values (36, 'Male', 'Adam', 'Kimbrough', '1990-07-16', 'Etiam vel augue. Vestibulum rutrum rutrum neque. Aenean auctor gravida sem.', 'Marine Corps', 'O7', true, false, 36);
insert into profiles (id, gender, first_name, last_name, birth_date, bio, branch, mil_rank, married, mil_spouse, user_id) values (37, 'Female', 'Elise', 'Olkowicz', '1983-12-17', 'Curabitur gravida nisi at nibh. In hac habitasse platea dictumst. Aliquam augue quam, sollicitudin vitae, consectetuer eget, rutrum at, lorem.', 'Marine Corps', 'E8', true, false, 37);
insert into profiles (id, gender, first_name, last_name, birth_date, bio, branch, mil_rank, married, mil_spouse, user_id) values (38, 'Male', 'Ernesto', 'Arzu', '1985-05-23', 'Proin leo odio, porttitor id, consequat in, consequat ut, nulla. Sed accumsan felis. Ut at dolor quis odio consequat varius.', 'Air force', 'E1', true, true, 38);
insert into profiles (id, gender, first_name, last_name, birth_date, bio, branch, mil_rank, married, mil_spouse, user_id) values (39, 'Male', 'Jimmie', 'Westhoff', '1993-03-03', 'Fusce consequat. Nulla nisl. Nunc nisl.', 'Army', 'E3', false, true, 39);
insert into profiles (id, gender, first_name, last_name, birth_date, bio, branch, mil_rank, married, mil_spouse, user_id) values (40, 'Female', 'Myrlene', 'Girardet', '1997-10-12', 'Pellentesque at nulla. Suspendisse potenti. Cras in purus eu magna vulputate luctus.', 'Air force', 'E6', true, false, 40);
insert into profiles (id, gender, first_name, last_name, birth_date, bio, branch, mil_rank, married, mil_spouse, user_id) values (41, 'Female', 'Zenia', 'Kilshall', '2002-06-23', 'Aliquam quis turpis eget elit sodales scelerisque. Mauris sit amet eros. Suspendisse accumsan tortor quis turpis.', 'Coast Guard', 'O7', false, true, 41);
insert into profiles (id, gender, first_name, last_name, birth_date, bio, branch, mil_rank, married, mil_spouse, user_id) values (42, 'Male', 'Mohandas', 'Jestico', '1996-07-09', 'Aenean lectus. Pellentesque eget nunc. Donec quis orci eget orci vehicula condimentum.', 'Marine Corps', 'O9', false, true, 42);
insert into profiles (id, gender, first_name, last_name, birth_date, bio, branch, mil_rank, married, mil_spouse, user_id) values (43, 'Male', 'Stavro', 'Silson', '1988-05-06', 'Curabitur at ipsum ac tellus semper interdum. Mauris ullamcorper purus sit amet nulla. Quisque arcu libero, rutrum ac, lobortis vel, dapibus at, diam.', 'Air force', 'O3', true, false, 43);
insert into profiles (id, gender, first_name, last_name, birth_date, bio, branch, mil_rank, married, mil_spouse, user_id) values (44, 'Female', 'Antonetta', 'Capponeer', '1984-06-28', 'Nullam sit amet turpis elementum ligula vehicula consequat. Morbi a ipsum. Integer a nibh.', 'Marine Corps', 'O2', true, false, 44);
insert into profiles (id, gender, first_name, last_name, birth_date, bio, branch, mil_rank, married, mil_spouse, user_id) values (45, 'Male', 'Man', 'Gaspero', '1995-04-21', 'Cras mi pede, malesuada in, imperdiet et, commodo vulputate, justo. In blandit ultrices enim. Lorem ipsum dolor sit amet, consectetuer adipiscing elit.', 'Marine Corps', 'E2', false, true, 45);
insert into profiles (id, gender, first_name, last_name, birth_date, bio, branch, mil_rank, married, mil_spouse, user_id) values (46, 'Male', 'Gothart', 'Kettle', '1990-04-29', 'Aenean fermentum. Donec ut mauris eget massa tempor convallis. Nulla neque libero, convallis eget, eleifend luctus, ultricies eu, nibh.', 'Navy', 'O6', false, false, 46);
insert into profiles (id, gender, first_name, last_name, birth_date, bio, branch, mil_rank, married, mil_spouse, user_id) values (47, 'Female', 'Kristen', 'Scones', '1997-01-01', 'Nullam sit amet turpis elementum ligula vehicula consequat. Morbi a ipsum. Integer a nibh.', 'Army', 'E6', false, true, 47);
insert into profiles (id, gender, first_name, last_name, birth_date, bio, branch, mil_rank, married, mil_spouse, user_id) values (48, 'Male', 'Toma', 'Birkmyre', '1980-12-23', 'Morbi porttitor lorem id ligula. Suspendisse ornare consequat lectus. In est risus, auctor sed, tristique in, tempus sit amet, sem.', 'Air force', 'E3', false, false, 48);
insert into profiles (id, gender, first_name, last_name, birth_date, bio, branch, mil_rank, married, mil_spouse, user_id) values (49, 'Female', 'Hesther', 'Quinton', '2000-05-30', 'Duis bibendum. Morbi non quam nec dui luctus rutrum. Nulla tellus.', 'Air force', 'O5', true, true, 49);
insert into profiles (id, gender, first_name, last_name, birth_date, bio, branch, mil_rank, married, mil_spouse, user_id) values (50, 'Male', 'Tarah', 'Habercham', '2000-08-23', 'Pellentesque at nulla. Suspendisse potenti. Cras in purus eu magna vulputate luctus.', 'Coast Guard', 'O9', false, true, 50);
insert into profiles (id, gender, first_name, last_name, birth_date, bio, branch, mil_rank, married, mil_spouse, user_id) values (51, 'Female', 'Cloe', 'Walden', '1983-05-27', 'Vestibulum ac est lacinia nisi venenatis tristique. Fusce congue, diam id ornare imperdiet, sapien urna pretium nisl, ut volutpat sapien arcu sed augue. Aliquam erat volutpat.', 'Army', 'O7', true, false, 51);
insert into profiles (id, gender, first_name, last_name, birth_date, bio, branch, mil_rank, married, mil_spouse, user_id) values (52, 'Female', 'Carolyne', 'Messier', '2001-01-29', 'Maecenas tristique, est et tempus semper, est quam pharetra magna, ac consequat metus sapien ut nunc. Vestibulum ante ipsum primis in faucibus orci luctus et ultrices posuere cubilia Curae; Mauris viverra diam vitae quam. Suspendisse potenti.', 'Coast Guard', 'E9', true, false, 52);
insert into profiles (id, gender, first_name, last_name, birth_date, bio, branch, mil_rank, married, mil_spouse, user_id) values (53, 'Male', 'Garik', 'Folds', '1997-08-19', 'Nam ultrices, libero non mattis pulvinar, nulla pede ullamcorper augue, a suscipit nulla elit ac nulla. Sed vel enim sit amet nunc viverra dapibus. Nulla suscipit ligula in lacus.', 'Army', 'E2', true, false, 53);
insert into profiles (id, gender, first_name, last_name, birth_date, bio, branch, mil_rank, married, mil_spouse, user_id) values (54, 'Female', 'Dotty', 'Mottershaw', '1985-10-16', 'Curabitur at ipsum ac tellus semper interdum. Mauris ullamcorper purus sit amet nulla. Quisque arcu libero, rutrum ac, lobortis vel, dapibus at, diam.', 'Army', 'O2', false, true, 54);
insert into profiles (id, gender, first_name, last_name, birth_date, bio, branch, mil_rank, married, mil_spouse, user_id) values (55, 'Male', 'Cobby', 'Joreau', '1986-07-01', 'Fusce consequat. Nulla nisl. Nunc nisl.', 'Marine Corps', 'O5', false, true, 55);
insert into profiles (id, gender, first_name, last_name, birth_date, bio, branch, mil_rank, married, mil_spouse, user_id) values (56, 'Female', 'Donetta', 'Rugg', '1985-07-26', 'Cras mi pede, malesuada in, imperdiet et, commodo vulputate, justo. In blandit ultrices enim. Lorem ipsum dolor sit amet, consectetuer adipiscing elit.', 'Marine Corps', 'O4', true, true, 56);
insert into profiles (id, gender, first_name, last_name, birth_date, bio, branch, mil_rank, married, mil_spouse, user_id) values (57, 'Female', 'Thelma', 'Breach', '1987-03-05', 'Proin eu mi. Nulla ac enim. In tempor, turpis nec euismod scelerisque, quam turpis adipiscing lorem, vitae mattis nibh ligula nec sem.', 'Army', 'O5', true, true, 57);
insert into profiles (id, gender, first_name, last_name, birth_date, bio, branch, mil_rank, married, mil_spouse, user_id) values (58, 'Male', 'Marice', 'Binner', '1981-11-17', 'Curabitur gravida nisi at nibh. In hac habitasse platea dictumst. Aliquam augue quam, sollicitudin vitae, consectetuer eget, rutrum at, lorem.', 'Air force', 'O8', true, true, 58);
insert into profiles (id, gender, first_name, last_name, birth_date, bio, branch, mil_rank, married, mil_spouse, user_id) values (59, 'Female', 'Berte', 'Millar', '1985-12-25', 'Nullam porttitor lacus at turpis. Donec posuere metus vitae ipsum. Aliquam non mauris.', 'Coast Guard', 'O5', false, false, 59);
insert into profiles (id, gender, first_name, last_name, birth_date, bio, branch, mil_rank, married, mil_spouse, user_id) values (60, 'Male', 'Wendall', 'Kirkbride', '1992-01-21', 'Praesent blandit. Nam nulla. Integer pede justo, lacinia eget, tincidunt eget, tempus vel, pede.', 'Army', 'E2', false, true, 60);
insert into profiles (id, gender, first_name, last_name, birth_date, bio, branch, mil_rank, married, mil_spouse, user_id) values (61, 'Female', 'Rea', 'Eddington', '1992-02-29', 'Etiam vel augue. Vestibulum rutrum rutrum neque. Aenean auctor gravida sem.', 'Army', 'E3', false, true, 61);
insert into profiles (id, gender, first_name, last_name, birth_date, bio, branch, mil_rank, married, mil_spouse, user_id) values (62, 'Male', 'Rosco', 'Revance', '1987-02-24', 'Curabitur gravida nisi at nibh. In hac habitasse platea dictumst. Aliquam augue quam, sollicitudin vitae, consectetuer eget, rutrum at, lorem.', 'Marine Corps', 'E4', false, true, 62);
insert into profiles (id, gender, first_name, last_name, birth_date, bio, branch, mil_rank, married, mil_spouse, user_id) values (63, 'Female', 'Priscella', 'Marjoram', '1986-05-20', 'Maecenas ut massa quis augue luctus tincidunt. Nulla mollis molestie lorem. Quisque ut erat.', 'Navy', 'O1', true, false, 63);
insert into profiles (id, gender, first_name, last_name, birth_date, bio, branch, mil_rank, married, mil_spouse, user_id) values (64, 'Female', 'Alikee', 'Claris', '1980-12-25', 'Proin leo odio, porttitor id, consequat in, consequat ut, nulla. Sed accumsan felis. Ut at dolor quis odio consequat varius.', 'Air force', 'O3', true, false, 64);
insert into profiles (id, gender, first_name, last_name, birth_date, bio, branch, mil_rank, married, mil_spouse, user_id) values (65, 'Male', 'Kennie', 'Dabs', '2001-12-01', 'Fusce posuere felis sed lacus. Morbi sem mauris, laoreet ut, rhoncus aliquet, pulvinar sed, nisl. Nunc rhoncus dui vel sem.', 'Army', 'O3', true, false, 65);
insert into profiles (id, gender, first_name, last_name, birth_date, bio, branch, mil_rank, married, mil_spouse, user_id) values (66, 'Male', 'Rance', 'Bocking', '1992-11-16', 'Vestibulum quam sapien, varius ut, blandit non, interdum in, ante. Vestibulum ante ipsum primis in faucibus orci luctus et ultrices posuere cubilia Curae; Duis faucibus accumsan odio. Curabitur convallis.', 'Air force', 'E9', false, false, 66);
insert into profiles (id, gender, first_name, last_name, birth_date, bio, branch, mil_rank, married, mil_spouse, user_id) values (67, 'Female', 'Marcelline', 'Crowne', '1984-04-10', 'Duis aliquam convallis nunc. Proin at turpis a pede posuere nonummy. Integer non velit.', 'Marine Corps', 'E2', false, true, 67);
insert into profiles (id, gender, first_name, last_name, birth_date, bio, branch, mil_rank, married, mil_spouse, user_id) values (68, 'Male', 'Gerry', 'Ivkovic', '1995-04-06', 'Cras mi pede, malesuada in, imperdiet et, commodo vulputate, justo. In blandit ultrices enim. Lorem ipsum dolor sit amet, consectetuer adipiscing elit.', 'Army', 'E1', false, false, 68);
insert into profiles (id, gender, first_name, last_name, birth_date, bio, branch, mil_rank, married, mil_spouse, user_id) values (69, 'Male', 'Ezekiel', 'Jann', '1989-01-02', 'Suspendisse potenti. In eleifend quam a odio. In hac habitasse platea dictumst.', 'Army', 'O6', false, true, 69);
insert into profiles (id, gender, first_name, last_name, birth_date, bio, branch, mil_rank, married, mil_spouse, user_id) values (70, 'Female', 'Shayla', 'Pelchat', '1995-11-25', 'Cras mi pede, malesuada in, imperdiet et, commodo vulputate, justo. In blandit ultrices enim. Lorem ipsum dolor sit amet, consectetuer adipiscing elit.', 'Army', 'O7', false, false, 70);
insert into profiles (id, gender, first_name, last_name, birth_date, bio, branch, mil_rank, married, mil_spouse, user_id) values (71, 'Female', 'Sam', 'Gumm', '1999-04-01', 'Phasellus in felis. Donec semper sapien a libero. Nam dui.', 'Navy', 'O9', false, true, 71);
insert into profiles (id, gender, first_name, last_name, birth_date, bio, branch, mil_rank, married, mil_spouse, user_id) values (72, 'Male', 'Sholom', 'Austing', '1996-06-27', 'Pellentesque at nulla. Suspendisse potenti. Cras in purus eu magna vulputate luctus.', 'Air force', 'E8', true, false, 72);
insert into profiles (id, gender, first_name, last_name, birth_date, bio, branch, mil_rank, married, mil_spouse, user_id) values (73, 'Male', 'Davin', 'O''Dougherty', '1998-12-24', 'Duis aliquam convallis nunc. Proin at turpis a pede posuere nonummy. Integer non velit.', 'Navy', 'O1', false, true, 73);
insert into profiles (id, gender, first_name, last_name, birth_date, bio, branch, mil_rank, married, mil_spouse, user_id) values (74, 'Male', 'Bertie', 'Fibbit', '1997-08-28', 'Curabitur gravida nisi at nibh. In hac habitasse platea dictumst. Aliquam augue quam, sollicitudin vitae, consectetuer eget, rutrum at, lorem.', 'Marine Corps', 'E8', true, true, 74);
insert into profiles (id, gender, first_name, last_name, birth_date, bio, branch, mil_rank, married, mil_spouse, user_id) values (75, 'Female', 'Koo', 'McGragh', '1989-03-26', 'Fusce consequat. Nulla nisl. Nunc nisl.', 'Coast Guard', 'E6', true, false, 75);
insert into profiles (id, gender, first_name, last_name, birth_date, bio, branch, mil_rank, married, mil_spouse, user_id) values (76, 'Female', 'Angelique', 'Bavridge', '1987-08-27', 'Duis bibendum, felis sed interdum venenatis, turpis enim blandit mi, in porttitor pede justo eu massa. Donec dapibus. Duis at velit eu est congue elementum.', 'Marine Corps', 'O4', true, false, 76);
insert into profiles (id, gender, first_name, last_name, birth_date, bio, branch, mil_rank, married, mil_spouse, user_id) values (77, 'Male', 'Ettore', 'Gaynesford', '1990-02-15', 'In congue. Etiam justo. Etiam pretium iaculis justo.', 'Navy', 'E8', false, true, 77);
insert into profiles (id, gender, first_name, last_name, birth_date, bio, branch, mil_rank, married, mil_spouse, user_id) values (78, 'Male', 'Sayers', 'Benedetti', '2000-08-08', 'Etiam vel augue. Vestibulum rutrum rutrum neque. Aenean auctor gravida sem.', 'Air force', 'O4', false, false, 78);
insert into profiles (id, gender, first_name, last_name, birth_date, bio, branch, mil_rank, married, mil_spouse, user_id) values (79, 'Female', 'Karlik', 'Ferroli', '1996-12-12', 'Aenean lectus. Pellentesque eget nunc. Donec quis orci eget orci vehicula condimentum.', 'Marine Corps', 'O4', true, false, 79);
insert into profiles (id, gender, first_name, last_name, birth_date, bio, branch, mil_rank, married, mil_spouse, user_id) values (80, 'Female', 'Yasmin', 'Pues', '1986-06-03', 'Fusce posuere felis sed lacus. Morbi sem mauris, laoreet ut, rhoncus aliquet, pulvinar sed, nisl. Nunc rhoncus dui vel sem.', 'Coast Guard', 'E3', false, false, 80);
insert into profiles (id, gender, first_name, last_name, birth_date, bio, branch, mil_rank, married, mil_spouse, user_id) values (81, 'Female', 'Kiley', 'Broy', '1984-09-24', 'Sed ante. Vivamus tortor. Duis mattis egestas metus.', 'Coast Guard', 'E9', true, false, 81);
insert into profiles (id, gender, first_name, last_name, birth_date, bio, branch, mil_rank, married, mil_spouse, user_id) values (82, 'Male', 'Sayers', 'O''Shevlan', '2001-06-06', 'In hac habitasse platea dictumst. Morbi vestibulum, velit id pretium iaculis, diam erat fermentum justo, nec condimentum neque sapien placerat ante. Nulla justo.', 'Navy', 'E2', true, false, 82);
insert into profiles (id, gender, first_name, last_name, birth_date, bio, branch, mil_rank, married, mil_spouse, user_id) values (83, 'Male', 'Douglas', 'Viccars', '2003-08-14', 'In quis justo. Maecenas rhoncus aliquam lacus. Morbi quis tortor id nulla ultrices aliquet.', 'Army', 'E9', false, false, 83);
insert into profiles (id, gender, first_name, last_name, birth_date, bio, branch, mil_rank, married, mil_spouse, user_id) values (84, 'Male', 'Bennie', 'Bradane', '1982-08-08', 'Duis bibendum, felis sed interdum venenatis, turpis enim blandit mi, in porttitor pede justo eu massa. Donec dapibus. Duis at velit eu est congue elementum.', 'Navy', 'E4', false, true, 84);
insert into profiles (id, gender, first_name, last_name, birth_date, bio, branch, mil_rank, married, mil_spouse, user_id) values (85, 'Male', 'Wilfred', 'Mogenot', '1985-06-29', 'Sed ante. Vivamus tortor. Duis mattis egestas metus.', 'Army', 'O10', false, true, 85);
insert into profiles (id, gender, first_name, last_name, birth_date, bio, branch, mil_rank, married, mil_spouse, user_id) values (86, 'Female', 'Ame', 'Reynoldson', '1994-05-12', 'Cras non velit nec nisi vulputate nonummy. Maecenas tincidunt lacus at velit. Vivamus vel nulla eget eros elementum pellentesque.', 'Navy', 'O6', false, false, 86);
insert into profiles (id, gender, first_name, last_name, birth_date, bio, branch, mil_rank, married, mil_spouse, user_id) values (87, 'Female', 'Amery', 'Toyne', '1988-07-13', 'Fusce consequat. Nulla nisl. Nunc nisl.', 'Marine Corps', 'O10', true, false, 87);
insert into profiles (id, gender, first_name, last_name, birth_date, bio, branch, mil_rank, married, mil_spouse, user_id) values (88, 'Male', 'Gardiner', 'Guillond', '1987-07-10', 'Nam ultrices, libero non mattis pulvinar, nulla pede ullamcorper augue, a suscipit nulla elit ac nulla. Sed vel enim sit amet nunc viverra dapibus. Nulla suscipit ligula in lacus.', 'Air force', 'E3', false, true, 88);
insert into profiles (id, gender, first_name, last_name, birth_date, bio, branch, mil_rank, married, mil_spouse, user_id) values (89, 'Female', 'Jordon', 'Castelletto', '2003-09-07', 'Praesent id massa id nisl venenatis lacinia. Aenean sit amet justo. Morbi ut odio.', 'Marine Corps', 'O3', true, false, 89);
insert into profiles (id, gender, first_name, last_name, birth_date, bio, branch, mil_rank, married, mil_spouse, user_id) values (90, 'Female','Robina', 'Woodroofe', '1985-10-31', 'Duis bibendum. Morbi non quam nec dui luctus rutrum. Nulla tellus.', 'Navy', 'E9', false, false, 90);
insert into profiles (id, gender, first_name, last_name, birth_date, bio, branch, mil_rank, married, mil_spouse, user_id) values (91, 'Female', 'Sol', 'Pautot', '1987-07-26', 'Praesent id massa id nisl venenatis lacinia. Aenean sit amet justo. Morbi ut odio.', 'Marine Corps', 'E6', false, false, 91);
insert into profiles (id, gender, first_name, last_name, birth_date, bio, branch, mil_rank, married, mil_spouse, user_id) values (92, 'Male', 'Lyndell', 'Becker', '1981-02-09', 'Cras mi pede, malesuada in, imperdiet et, commodo vulputate, justo. In blandit ultrices enim. Lorem ipsum dolor sit amet, consectetuer adipiscing elit.', 'Coast Guard', 'O9', true, false, 92);
insert into profiles (id, gender, first_name, last_name, birth_date, bio, branch, mil_rank, married, mil_spouse, user_id) values (93, 'Male', 'Salomo', 'Roller', '1997-08-02', 'Nulla ut erat id mauris vulputate elementum. Nullam varius. Nulla facilisi.', 'Navy', 'O3', true, false, 93);
insert into profiles (id, gender, first_name, last_name, birth_date, bio, branch, mil_rank, married, mil_spouse, user_id) values (94, 'Male', 'Moritz', 'Wolfenden', '1998-05-18', 'Aliquam quis turpis eget elit sodales scelerisque. Mauris sit amet eros. Suspendisse accumsan tortor quis turpis.', 'Air force', 'E7', true, false, 94);
insert into profiles (id, gender, first_name, last_name, birth_date, bio, branch, mil_rank, married, mil_spouse, user_id) values (95, 'Female', 'Petronia', 'Lubeck', '1998-04-14', 'Vestibulum quam sapien, varius ut, blandit non, interdum in, ante. Vestibulum ante ipsum primis in faucibus orci luctus et ultrices posuere cubilia Curae; Duis faucibus accumsan odio. Curabitur convallis.', 'Marine Corps', 'E6', true, false, 95);
insert into profiles (id, gender, first_name, last_name, birth_date, bio, branch, mil_rank, married, mil_spouse, user_id) values (96, 'Female', 'Anallese', 'Capron', '1995-08-24', 'Aliquam quis turpis eget elit sodales scelerisque. Mauris sit amet eros. Suspendisse accumsan tortor quis turpis.', 'Army', 'E4', true, true, 96);
insert into profiles (id, gender, first_name, last_name, birth_date, bio, branch, mil_rank, married, mil_spouse, user_id) values (97, 'Female', 'Eirena', 'Wyllis', '1998-10-15', 'Nam ultrices, libero non mattis pulvinar, nulla pede ullamcorper augue, a suscipit nulla elit ac nulla. Sed vel enim sit amet nunc viverra dapibus. Nulla suscipit ligula in lacus.', 'Army', 'E9', true, true, 97);
insert into profiles (id, gender, first_name, last_name, birth_date, bio, branch, mil_rank, married, mil_spouse, user_id) values (98, 'Female', 'Valaria', 'Sauvan', '1993-06-13', 'Nam ultrices, libero non mattis pulvinar, nulla pede ullamcorper augue, a suscipit nulla elit ac nulla. Sed vel enim sit amet nunc viverra dapibus. Nulla suscipit ligula in lacus.', 'Navy', 'E9', true, false, 98);
insert into profiles (id, gender, first_name, last_name, birth_date, bio, branch, mil_rank, married, mil_spouse, user_id) values (99, 'Female', 'Adrianne', 'Kacheller', '2000-01-28', 'Curabitur at ipsum ac tellus semper interdum. Mauris ullamcorper purus sit amet nulla. Quisque arcu libero, rutrum ac, lobortis vel, dapibus at, diam.', 'Coast Guard', 'E6', true, true, 99);
insert into profiles (id, gender, first_name, last_name, birth_date, bio, branch, mil_rank, married, mil_spouse, user_id) values (100, 'Female', 'Kylie', 'Kitchin', '1989-02-16', 'Quisque porta volutpat erat. Quisque erat eros, viverra eget, congue eget, semper rutrum, nulla. Nunc purus.', 'Air force', 'E2', true, true, 100);


use battlebuddies_db;
insert into children (id, birth_date, gender, profile_id) values (1, '2015-03-07', 'Female', 81);
insert into children (id, birth_date, gender, profile_id) values (2, '2010-06-14', 'Male', 85);
insert into children (id, birth_date, gender, profile_id) values (3, '2016-05-23', 'Female', 19);
insert into children (id, birth_date, gender, profile_id) values (4, '2019-10-18', 'Male', 69);
insert into children (id, birth_date, gender, profile_id) values (5, '2018-11-12', 'Male', 36);
insert into children (id, birth_date, gender, profile_id) values (6, '2019-09-21', 'Male', 97);
insert into children (id, birth_date, gender, profile_id) values (7, '2011-07-20', 'Female', 90);
insert into children (id, birth_date, gender, profile_id) values (8, '2014-03-31', 'Female', 55);
insert into children (id, birth_date, gender, profile_id) values (9, '2012-03-05', 'Female', 76);
insert into children (id, birth_date, gender, profile_id) values (10, '2017-12-15', 'Male', 12);
insert into children (id, birth_date, gender, profile_id) values (11, '2014-12-21', 'Male', 7);
insert into children (id, birth_date, gender, profile_id) values (12, '2017-09-04', 'Female', 75);
insert into children (id, birth_date, gender, profile_id) values (13, '2010-01-28', 'Male', 25);
insert into children (id, birth_date, gender, profile_id) values (14, '2014-05-03', 'Female', 64);
insert into children (id, birth_date, gender, profile_id) values (15, '2017-10-06', 'Female', 66);
insert into children (id, birth_date, gender, profile_id) values (16, '2013-10-03', 'Female', 32);
insert into children (id, birth_date, gender, profile_id) values (17, '2015-02-22', 'Male', 1);
insert into children (id, birth_date, gender, profile_id) values (18, '2015-09-19', 'Female', 19);
insert into children (id, birth_date, gender, profile_id) values (19, '2018-02-17', 'Female', 76);
insert into children (id, birth_date, gender, profile_id) values (20, '2019-02-14', 'Male', 25);
insert into children (id, birth_date, gender, profile_id) values (21, '2010-03-16', 'Male', 5);
insert into children (id, birth_date, gender, profile_id) values (22, '2017-07-22', 'Male', 98);
insert into children (id, birth_date, gender, profile_id) values (23, '2016-11-10', 'Male', 88);
insert into children (id, birth_date, gender, profile_id) values (24, '2018-04-27', 'Male', 87);
insert into children (id, birth_date, gender, profile_id) values (25, '2015-11-14', 'Female', 86);
insert into children (id, birth_date, gender, profile_id) values (26, '2017-08-13', 'Female', 21);
insert into children (id, birth_date, gender, profile_id) values (27, '2019-05-15', 'Female', 43);
insert into children (id, birth_date, gender, profile_id) values (28, '2010-10-29', 'Female', 88);
insert into children (id, birth_date, gender, profile_id) values (29, '2017-06-22', 'Female', 97);
insert into children (id, birth_date, gender, profile_id) values (30, '2014-09-10', 'Female', 51);
insert into children (id, birth_date, gender, profile_id) values (31, '2010-09-21', 'Male', 96);
insert into children (id, birth_date, gender, profile_id) values (32, '2017-10-13', 'Male', 78);
insert into children (id, birth_date, gender, profile_id) values (33, '2015-05-02', 'Male', 93);
insert into children (id, birth_date, gender, profile_id) values (34, '2015-02-05', 'Female', 100);
insert into children (id, birth_date, gender, profile_id) values (35, '2011-10-18', 'Female', 32);
insert into children (id, birth_date, gender, profile_id) values (36, '2019-09-03', 'Female', 76);
insert into children (id, birth_date, gender, profile_id) values (37, '2013-10-01', 'Male', 10);
insert into children (id, birth_date, gender, profile_id) values (38, '2014-11-05', 'Male', 60);
insert into children (id, birth_date, gender, profile_id) values (39, '2018-11-30', 'Male', 100);
insert into children (id, birth_date, gender, profile_id) values (40, '2010-03-01', 'Male', 39);
insert into children (id, birth_date, gender, profile_id) values (41, '2012-03-02', 'Male', 56);
insert into children (id, birth_date, gender, profile_id) values (42, '2019-09-04', 'Female', 4);
insert into children (id, birth_date, gender, profile_id) values (43, '2017-08-13', 'Female', 19);
insert into children (id, birth_date, gender, profile_id) values (44, '2016-12-22', 'Female', 55);
insert into children (id, birth_date, gender, profile_id) values (45, '2014-09-03', 'Male', 89);
insert into children (id, birth_date, gender, profile_id) values (46, '2015-12-13', 'Female', 40);
insert into children (id, birth_date, gender, profile_id) values (47, '2019-10-17', 'Female', 6);
insert into children (id, birth_date, gender, profile_id) values (48, '2010-11-11', 'Male', 40);
insert into children (id, birth_date, gender, profile_id) values (49, '2019-04-17', 'Female', 33);
insert into children (id, birth_date, gender, profile_id) values (50, '2011-11-07', 'Male', 8);

use battlebuddies_db;
insert into hobbies (id, hobby) values (1, 'sports');
insert into hobbies (id, hobby) values (2, 'crafting');
insert into hobbies (id, hobby) values (3, 'watching movies');
insert into hobbies (id, hobby) values (4, 'exercising');
insert into hobbies (id, hobby) values (5, 'reading');
insert into hobbies (id, hobby) values (6, 'video games');
insert into hobbies (id, hobby) values (7, 'shopping');
insert into hobbies (id, hobby) values (8, 'baking');


use battlebuddies_db;
insert into hobby_profile (hobby_id, profile_id) values (1, 34);
insert into hobby_profile (hobby_id, profile_id) values (5, 100);
insert into hobby_profile (hobby_id, profile_id) values (1, 55);
insert into hobby_profile (hobby_id, profile_id) values (6, 73);
insert into hobby_profile (hobby_id, profile_id) values (4, 1);
insert into hobby_profile (hobby_id, profile_id) values (7, 31);
insert into hobby_profile (hobby_id, profile_id) values (8, 20);
insert into hobby_profile (hobby_id, profile_id) values (2, 4);
insert into hobby_profile (hobby_id, profile_id) values (8, 23);
insert into hobby_profile (hobby_id, profile_id) values (7, 12);
insert into hobby_profile (hobby_id, profile_id) values (7, 71);
insert into hobby_profile (hobby_id, profile_id) values (8, 29);
insert into hobby_profile (hobby_id, profile_id) values (7, 52);
insert into hobby_profile (hobby_id, profile_id) values (6, 98);
insert into hobby_profile (hobby_id, profile_id) values (3, 29);
insert into hobby_profile (hobby_id, profile_id) values (7, 14);
insert into hobby_profile (hobby_id, profile_id) values (2, 42);
insert into hobby_profile (hobby_id, profile_id) values (8, 7);
insert into hobby_profile (hobby_id, profile_id) values (3, 1);
insert into hobby_profile (hobby_id, profile_id) values (7, 46);
insert into hobby_profile (hobby_id, profile_id) values (8, 94);
insert into hobby_profile (hobby_id, profile_id) values (4, 33);
insert into hobby_profile (hobby_id, profile_id) values (2, 75);
insert into hobby_profile (hobby_id, profile_id) values (3, 61);
insert into hobby_profile (hobby_id, profile_id) values (3, 85);
insert into hobby_profile (hobby_id, profile_id) values (8, 42);
insert into hobby_profile (hobby_id, profile_id) values (6, 100);
insert into hobby_profile (hobby_id, profile_id) values (7, 34);
insert into hobby_profile (hobby_id, profile_id) values (1, 29);
insert into hobby_profile (hobby_id, profile_id) values (8, 5);
insert into hobby_profile (hobby_id, profile_id) values (8, 92);
insert into hobby_profile (hobby_id, profile_id) values (8, 65);
insert into hobby_profile (hobby_id, profile_id) values (7, 27);
insert into hobby_profile (hobby_id, profile_id) values (7, 44);
insert into hobby_profile (hobby_id, profile_id) values (5, 99);
insert into hobby_profile (hobby_id, profile_id) values (6, 17);
insert into hobby_profile (hobby_id, profile_id) values (4, 11);
insert into hobby_profile (hobby_id, profile_id) values (2, 17);
insert into hobby_profile (hobby_id, profile_id) values (1, 32);
insert into hobby_profile (hobby_id, profile_id) values (4, 69);
insert into hobby_profile (hobby_id, profile_id) values (6, 7);
insert into hobby_profile (hobby_id, profile_id) values (6, 30);
insert into hobby_profile (hobby_id, profile_id) values (4, 38);
insert into hobby_profile (hobby_id, profile_id) values (5, 16);
insert into hobby_profile (hobby_id, profile_id) values (1, 82);
insert into hobby_profile (hobby_id, profile_id) values (1, 63);
insert into hobby_profile (hobby_id, profile_id) values (1, 9);
insert into hobby_profile (hobby_id, profile_id) values (8, 19);
insert into hobby_profile (hobby_id, profile_id) values (1, 4);
insert into hobby_profile (hobby_id, profile_id) values (2, 68);
insert into hobby_profile (hobby_id, profile_id) values (7, 7);
insert into hobby_profile (hobby_id, profile_id) values (1, 83);
insert into hobby_profile (hobby_id, profile_id) values (3, 96);
insert into hobby_profile (hobby_id, profile_id) values (2, 41);
insert into hobby_profile (hobby_id, profile_id) values (1, 64);
insert into hobby_profile (hobby_id, profile_id) values (5, 97);
insert into hobby_profile (hobby_id, profile_id) values (7, 31);
insert into hobby_profile (hobby_id, profile_id) values (6, 4);
insert into hobby_profile (hobby_id, profile_id) values (8, 9);
insert into hobby_profile (hobby_id, profile_id) values (6, 48);
insert into hobby_profile (hobby_id, profile_id) values (5, 80);
insert into hobby_profile (hobby_id, profile_id) values (6, 34);
insert into hobby_profile (hobby_id, profile_id) values (5, 82);
insert into hobby_profile (hobby_id, profile_id) values (6, 86);
insert into hobby_profile (hobby_id, profile_id) values (8, 91);
insert into hobby_profile (hobby_id, profile_id) values (7, 99);
insert into hobby_profile (hobby_id, profile_id) values (6, 38);
insert into hobby_profile (hobby_id, profile_id) values (2, 23);
insert into hobby_profile (hobby_id, profile_id) values (2, 98);
insert into hobby_profile (hobby_id, profile_id) values (7, 29);
insert into hobby_profile (hobby_id, profile_id) values (6, 33);
insert into hobby_profile (hobby_id, profile_id) values (2, 93);
insert into hobby_profile (hobby_id, profile_id) values (5, 76);
insert into hobby_profile (hobby_id, profile_id) values (6, 73);
insert into hobby_profile (hobby_id, profile_id) values (6, 22);
insert into hobby_profile (hobby_id, profile_id) values (4, 22);
insert into hobby_profile (hobby_id, profile_id) values (2, 58);
insert into hobby_profile (hobby_id, profile_id) values (4, 36);
insert into hobby_profile (hobby_id, profile_id) values (7, 1);
insert into hobby_profile (hobby_id, profile_id) values (2, 94);
insert into hobby_profile (hobby_id, profile_id) values (7, 75);
insert into hobby_profile (hobby_id, profile_id) values (5, 49);
insert into hobby_profile (hobby_id, profile_id) values (1, 73);
insert into hobby_profile (hobby_id, profile_id) values (5, 22);
insert into hobby_profile (hobby_id, profile_id) values (4, 86);
insert into hobby_profile (hobby_id, profile_id) values (6, 10);
insert into hobby_profile (hobby_id, profile_id) values (8, 54);
insert into hobby_profile (hobby_id, profile_id) values (2, 45);
insert into hobby_profile (hobby_id, profile_id) values (4, 62);
insert into hobby_profile (hobby_id, profile_id) values (8, 89);
insert into hobby_profile (hobby_id, profile_id) values (6, 3);
insert into hobby_profile (hobby_id, profile_id) values (2, 62);
insert into hobby_profile (hobby_id, profile_id) values (5, 69);
insert into hobby_profile (hobby_id, profile_id) values (7, 52);
insert into hobby_profile (hobby_id, profile_id) values (6, 66);
insert into hobby_profile (hobby_id, profile_id) values (1, 95);
insert into hobby_profile (hobby_id, profile_id) values (1, 12);
insert into hobby_profile (hobby_id, profile_id) values (7, 80);
insert into hobby_profile (hobby_id, profile_id) values (3, 73);
insert into hobby_profile (hobby_id, profile_id) values (3, 58);


use battlebuddies_db;
insert into traits (id, trait) values (1, 'quiet');
insert into traits (id, trait) values (2, 'talkative');
insert into traits (id, trait) values (3, 'easy-going');
insert into traits (id, trait) values (4, 'extroverted');
insert into traits (id, trait) values (5, 'introverted');
insert into traits (id, trait) values (6, 'quiet');
insert into traits (id, trait) values (7, 'social');

use battlebuddies_db;
insert into profile_trait (profile_id, trait_id) values (2, 6);
insert into profile_trait (profile_id, trait_id) values (99, 7);
insert into profile_trait (profile_id, trait_id) values (55, 4);
insert into profile_trait (profile_id, trait_id) values (63, 4);
insert into profile_trait (profile_id, trait_id) values (33, 4);
insert into profile_trait (profile_id, trait_id) values (24, 6);
insert into profile_trait (profile_id, trait_id) values (26, 3);
insert into profile_trait (profile_id, trait_id) values (37, 2);
insert into profile_trait (profile_id, trait_id) values (5, 4);
insert into profile_trait (profile_id, trait_id) values (87, 5);
insert into profile_trait (profile_id, trait_id) values (1, 3);
insert into profile_trait (profile_id, trait_id) values (74, 1);
insert into profile_trait (profile_id, trait_id) values (100, 6);
insert into profile_trait (profile_id, trait_id) values (64, 1);
insert into profile_trait (profile_id, trait_id) values (38, 5);
insert into profile_trait (profile_id, trait_id) values (84, 6);
insert into profile_trait (profile_id, trait_id) values (76, 2);
insert into profile_trait (profile_id, trait_id) values (23, 3);
insert into profile_trait (profile_id, trait_id) values (3, 3);
insert into profile_trait (profile_id, trait_id) values (49, 7);
insert into profile_trait (profile_id, trait_id) values (6, 6);
insert into profile_trait (profile_id, trait_id) values (8, 2);
insert into profile_trait (profile_id, trait_id) values (33, 2);
insert into profile_trait (profile_id, trait_id) values (60, 4);
insert into profile_trait (profile_id, trait_id) values (36, 3);
insert into profile_trait (profile_id, trait_id) values (95, 4);
insert into profile_trait (profile_id, trait_id) values (79, 4);
insert into profile_trait (profile_id, trait_id) values (12, 1);
insert into profile_trait (profile_id, trait_id) values (24, 6);
insert into profile_trait (profile_id, trait_id) values (48, 5);
insert into profile_trait (profile_id, trait_id) values (11, 2);
insert into profile_trait (profile_id, trait_id) values (56, 1);
insert into profile_trait (profile_id, trait_id) values (91, 5);
insert into profile_trait (profile_id, trait_id) values (22, 1);
insert into profile_trait (profile_id, trait_id) values (98, 7);
insert into profile_trait (profile_id, trait_id) values (14, 1);
insert into profile_trait (profile_id, trait_id) values (57, 1);
insert into profile_trait (profile_id, trait_id) values (69, 6);
insert into profile_trait (profile_id, trait_id) values (44, 1);
insert into profile_trait (profile_id, trait_id) values (83, 7);
insert into profile_trait (profile_id, trait_id) values (10, 3);
insert into profile_trait (profile_id, trait_id) values (61, 2);
insert into profile_trait (profile_id, trait_id) values (58, 4);
insert into profile_trait (profile_id, trait_id) values (70, 7);
insert into profile_trait (profile_id, trait_id) values (82, 7);
insert into profile_trait (profile_id, trait_id) values (36, 7);
insert into profile_trait (profile_id, trait_id) values (80, 2);
insert into profile_trait (profile_id, trait_id) values (52, 2);
insert into profile_trait (profile_id, trait_id) values (51, 3);
insert into profile_trait (profile_id, trait_id) values (21, 6);
insert into profile_trait (profile_id, trait_id) values (23, 1);
insert into profile_trait (profile_id, trait_id) values (47, 3);
insert into profile_trait (profile_id, trait_id) values (51, 5);
insert into profile_trait (profile_id, trait_id) values (21, 2);
insert into profile_trait (profile_id, trait_id) values (65, 6);
insert into profile_trait (profile_id, trait_id) values (87, 3);
insert into profile_trait (profile_id, trait_id) values (60, 3);
insert into profile_trait (profile_id, trait_id) values (11, 3);
insert into profile_trait (profile_id, trait_id) values (17, 6);
insert into profile_trait (profile_id, trait_id) values (86, 2);
insert into profile_trait (profile_id, trait_id) values (77, 5);
insert into profile_trait (profile_id, trait_id) values (29, 2);
insert into profile_trait (profile_id, trait_id) values (40, 6);
insert into profile_trait (profile_id, trait_id) values (45, 5);
insert into profile_trait (profile_id, trait_id) values (7, 7);
insert into profile_trait (profile_id, trait_id) values (91, 4);
insert into profile_trait (profile_id, trait_id) values (9, 1);
insert into profile_trait (profile_id, trait_id) values (82, 1);
insert into profile_trait (profile_id, trait_id) values (29, 3);
insert into profile_trait (profile_id, trait_id) values (61, 2);
insert into profile_trait (profile_id, trait_id) values (89, 7);
insert into profile_trait (profile_id, trait_id) values (10, 5);
insert into profile_trait (profile_id, trait_id) values (66, 3);
insert into profile_trait (profile_id, trait_id) values (80, 5);
insert into profile_trait (profile_id, trait_id) values (51, 7);
insert into profile_trait (profile_id, trait_id) values (48, 4);
insert into profile_trait (profile_id, trait_id) values (84, 7);
insert into profile_trait (profile_id, trait_id) values (12, 2);
insert into profile_trait (profile_id, trait_id) values (68, 5);
insert into profile_trait (profile_id, trait_id) values (95, 6);
insert into profile_trait (profile_id, trait_id) values (78, 5);
insert into profile_trait (profile_id, trait_id) values (84, 4);
insert into profile_trait (profile_id, trait_id) values (46, 4);
insert into profile_trait (profile_id, trait_id) values (21, 2);
insert into profile_trait (profile_id, trait_id) values (61, 3);
insert into profile_trait (profile_id, trait_id) values (98, 2);
insert into profile_trait (profile_id, trait_id) values (72, 3);
insert into profile_trait (profile_id, trait_id) values (64, 3);
insert into profile_trait (profile_id, trait_id) values (21, 2);
insert into profile_trait (profile_id, trait_id) values (60, 2);
insert into profile_trait (profile_id, trait_id) values (84, 5);
insert into profile_trait (profile_id, trait_id) values (15, 4);
insert into profile_trait (profile_id, trait_id) values (48, 2);
insert into profile_trait (profile_id, trait_id) values (58, 1);
insert into profile_trait (profile_id, trait_id) values (29, 6);
insert into profile_trait (profile_id, trait_id) values (59, 2);
insert into profile_trait (profile_id, trait_id) values (10, 2);
insert into profile_trait (profile_id, trait_id) values (28, 4);
insert into profile_trait (profile_id, trait_id) values (52, 5);
insert into profile_trait (profile_id, trait_id) values (52, 2);


use battlebuddies_db;
insert into locations (id, city, country, state) values (1, 'Salt Lake City', 'United States', 'UT');
insert into locations (id, city, country, state) values (2, 'San Antonio', 'United States', 'TX');
insert into locations (id, city, country, state) values (3, 'Charlotte', 'United States', 'NC');
insert into locations (id, city, country, state) values (4, 'Miami', 'United States', 'FL');
insert into locations (id, city, country, state) values (5, 'Honolulu', 'United States', 'HI');

use battlebuddies_db;
insert into location_profile (profile_id, location_id) values (13, 2);
insert into location_profile (profile_id, location_id) values (78, 1);
insert into location_profile (profile_id, location_id) values (60, 4);
insert into location_profile (profile_id, location_id) values (52, 3);
insert into location_profile (profile_id, location_id) values (71, 5);
insert into location_profile (profile_id, location_id) values (33, 1);
insert into location_profile (profile_id, location_id) values (98, 5);
insert into location_profile (profile_id, location_id) values (56, 4);
insert into location_profile (profile_id, location_id) values (98, 3);
insert into location_profile (profile_id, location_id) values (15, 4);
insert into location_profile (profile_id, location_id) values (23, 2);
insert into location_profile (profile_id, location_id) values (19, 2);
insert into location_profile (profile_id, location_id) values (1, 1);
insert into location_profile (profile_id, location_id) values (54, 5);
insert into location_profile (profile_id, location_id) values (5, 3);
insert into location_profile (profile_id, location_id) values (77, 2);
insert into location_profile (profile_id, location_id) values (68, 3);
insert into location_profile (profile_id, location_id) values (53, 1);
insert into location_profile (profile_id, location_id) values (86, 5);
insert into location_profile (profile_id, location_id) values (89, 3);
insert into location_profile (profile_id, location_id) values (84, 3);
insert into location_profile (profile_id, location_id) values (79, 5);
insert into location_profile (profile_id, location_id) values (6, 5);
insert into location_profile (profile_id, location_id) values (61, 1);
insert into location_profile (profile_id, location_id) values (56, 2);
insert into location_profile (profile_id, location_id) values (20, 3);
insert into location_profile (profile_id, location_id) values (56, 5);
insert into location_profile (profile_id, location_id) values (85, 2);
insert into location_profile (profile_id, location_id) values (33, 1);
insert into location_profile (profile_id, location_id) values (26, 2);
insert into location_profile (profile_id, location_id) values (20, 5);
insert into location_profile (profile_id, location_id) values (53, 3);
insert into location_profile (profile_id, location_id) values (73, 5);
insert into location_profile (profile_id, location_id) values (36, 1);
insert into location_profile (profile_id, location_id) values (2, 2);
insert into location_profile (profile_id, location_id) values (26, 4);
insert into location_profile (profile_id, location_id) values (92, 2);
insert into location_profile (profile_id, location_id) values (28, 4);
insert into location_profile (profile_id, location_id) values (83, 3);
insert into location_profile (profile_id, location_id) values (91, 3);
insert into location_profile (profile_id, location_id) values (38, 5);
insert into location_profile (profile_id, location_id) values (37, 1);
insert into location_profile (profile_id, location_id) values (9, 1);
insert into location_profile (profile_id, location_id) values (90, 5);
insert into location_profile (profile_id, location_id) values (63, 2);
insert into location_profile (profile_id, location_id) values (67, 4);
insert into location_profile (profile_id, location_id) values (39, 5);
insert into location_profile (profile_id, location_id) values (70, 1);
insert into location_profile (profile_id, location_id) values (49, 2);
insert into location_profile (profile_id, location_id) values (55, 1);
insert into location_profile (profile_id, location_id) values (40, 1);
insert into location_profile (profile_id, location_id) values (54, 1);
insert into location_profile (profile_id, location_id) values (84, 3);
insert into location_profile (profile_id, location_id) values (20, 2);
insert into location_profile (profile_id, location_id) values (78, 4);
insert into location_profile (profile_id, location_id) values (62, 5);
insert into location_profile (profile_id, location_id) values (74, 1);
insert into location_profile (profile_id, location_id) values (69, 1);
insert into location_profile (profile_id, location_id) values (62, 1);
insert into location_profile (profile_id, location_id) values (75, 2);
insert into location_profile (profile_id, location_id) values (49, 2);
insert into location_profile (profile_id, location_id) values (71, 4);
insert into location_profile (profile_id, location_id) values (45, 3);
insert into location_profile (profile_id, location_id) values (77, 5);
insert into location_profile (profile_id, location_id) values (76, 2);
insert into location_profile (profile_id, location_id) values (81, 2);
insert into location_profile (profile_id, location_id) values (47, 4);
insert into location_profile (profile_id, location_id) values (29, 2);
insert into location_profile (profile_id, location_id) values (23, 2);
insert into location_profile (profile_id, location_id) values (58, 3);
insert into location_profile (profile_id, location_id) values (100, 5);
insert into location_profile (profile_id, location_id) values (74, 4);
insert into location_profile (profile_id, location_id) values (34, 1);
insert into location_profile (profile_id, location_id) values (4, 4);
insert into location_profile (profile_id, location_id) values (75, 2);
insert into location_profile (profile_id, location_id) values (2, 2);
insert into location_profile (profile_id, location_id) values (90, 1);
insert into location_profile (profile_id, location_id) values (75, 4);
insert into location_profile (profile_id, location_id) values (80, 5);
insert into location_profile (profile_id, location_id) values (59, 2);
insert into location_profile (profile_id, location_id) values (19, 3);
insert into location_profile (profile_id, location_id) values (4, 5);
insert into location_profile (profile_id, location_id) values (31, 4);
insert into location_profile (profile_id, location_id) values (34, 5);
insert into location_profile (profile_id, location_id) values (8, 2);
insert into location_profile (profile_id, location_id) values (22, 2);
insert into location_profile (profile_id, location_id) values (67, 4);
insert into location_profile (profile_id, location_id) values (63, 3);
insert into location_profile (profile_id, location_id) values (19, 2);
insert into location_profile (profile_id, location_id) values (14, 1);
insert into location_profile (profile_id, location_id) values (34, 2);
insert into location_profile (profile_id, location_id) values (53, 1);
insert into location_profile (profile_id, location_id) values (22, 1);
insert into location_profile (profile_id, location_id) values (69, 5);
insert into location_profile (profile_id, location_id) values (74, 5);
insert into location_profile (profile_id, location_id) values (48, 5);
insert into location_profile (profile_id, location_id) values (77, 5);
insert into location_profile (profile_id, location_id) values (5, 5);
insert into location_profile (profile_id, location_id) values (45, 1);
insert into location_profile (profile_id, location_id) values (98, 3);


